/*
SQLyog Ultimate v12.08 (64 bit)
MySQL - 5.6.22-log : Database - sky_take_out_new
*********************************************************************
*/

/*!40101 SET NAMES utf8 */;

/*!40101 SET SQL_MODE=''*/;

/*!40014 SET @OLD_UNIQUE_CHECKS=@@UNIQUE_CHECKS, UNIQUE_CHECKS=0 */;
/*!40014 SET @OLD_FOREIGN_KEY_CHECKS=@@FOREIGN_KEY_CHECKS, FOREIGN_KEY_CHECKS=0 */;
/*!40101 SET @OLD_SQL_MODE=@@SQL_MODE, SQL_MODE='NO_AUTO_VALUE_ON_ZERO' */;
/*!40111 SET @OLD_SQL_NOTES=@@SQL_NOTES, SQL_NOTES=0 */;
CREATE DATABASE /*!32312 IF NOT EXISTS*/`sky_take_out_new` /*!40100 DEFAULT CHARACTER SET utf8 */;

USE `sky_take_out_new`;

/*Table structure for table `address_book` */

DROP TABLE IF EXISTS `address_book`;

CREATE TABLE `address_book` (
  `id` bigint(20) NOT NULL AUTO_INCREMENT COMMENT '主键',
  `user_id` bigint(20) NOT NULL COMMENT '用户id',
  `consignee` varchar(50) COLLATE utf8_bin DEFAULT NULL COMMENT '收货人',
  `sex` varchar(2) COLLATE utf8_bin DEFAULT NULL COMMENT '性别',
  `phone` varchar(11) COLLATE utf8_bin NOT NULL COMMENT '手机号',
  `province_code` varchar(12) CHARACTER SET utf8 DEFAULT NULL COMMENT '省级区划编号',
  `province_name` varchar(32) CHARACTER SET utf8 DEFAULT NULL COMMENT '省级名称',
  `city_code` varchar(12) CHARACTER SET utf8 DEFAULT NULL COMMENT '市级区划编号',
  `city_name` varchar(32) CHARACTER SET utf8 DEFAULT NULL COMMENT '市级名称',
  `district_code` varchar(12) CHARACTER SET utf8 DEFAULT NULL COMMENT '区级区划编号',
  `district_name` varchar(32) CHARACTER SET utf8 DEFAULT NULL COMMENT '区级名称',
  `detail` varchar(200) CHARACTER SET utf8 DEFAULT NULL COMMENT '详细地址',
  `label` varchar(100) CHARACTER SET utf8 DEFAULT NULL COMMENT '标签',
  `is_default` tinyint(1) NOT NULL DEFAULT '0' COMMENT '默认 0 否 1是',
  PRIMARY KEY (`id`) USING BTREE
) ENGINE=InnoDB AUTO_INCREMENT=8 DEFAULT CHARSET=utf8 COLLATE=utf8_bin ROW_FORMAT=COMPACT COMMENT='地址簿';

/*Data for the table `address_book` */

insert  into `address_book`(`id`,`user_id`,`consignee`,`sex`,`phone`,`province_code`,`province_name`,`city_code`,`city_name`,`district_code`,`district_name`,`detail`,`label`,`is_default`) values (2,2,'敏敏','1','13788882222','11','北京市','1101','市辖区','110114','昌平区','金燕龙写字楼传智教育总部','1',1),(3,2,'张无忌','0','13899992222','50','重庆市','5001','市辖区','500106','沙坪坝区','黑马程序员重庆校区','3',0),(4,29,'万红','0','15915434567','11','北京市','1101','市辖区','110114','昌平区','黑马程序员大楼','1',1),(5,30,'huang','0','15501521617','11','北京市','1101','市辖区','110102','西城区','传智播客','1',0),(6,30,'黄sir','0','15501521617','11','北京市','1101','市辖区','110114','昌平区','建材城西路9号','1',1),(7,30,'黄老师','0','15501521617','51','四川省','5101','成都市','510106','金牛区','黑马程序员','1',0);

/*Table structure for table `category` */

DROP TABLE IF EXISTS `category`;

CREATE TABLE `category` (
  `id` bigint(20) NOT NULL AUTO_INCREMENT COMMENT '主键',
  `type` int(11) DEFAULT NULL COMMENT '类型   1 菜品分类 2 套餐分类',
  `name` varchar(32) COLLATE utf8_bin NOT NULL COMMENT '分类名称',
  `sort` int(11) NOT NULL DEFAULT '0' COMMENT '顺序',
  `status` int(11) DEFAULT NULL COMMENT '分类状态 0:禁用，1:启用',
  `create_time` datetime DEFAULT NULL COMMENT '创建时间',
  `update_time` datetime DEFAULT NULL COMMENT '更新时间',
  `create_user` bigint(20) DEFAULT NULL COMMENT '创建人',
  `update_user` bigint(20) DEFAULT NULL COMMENT '修改人',
  PRIMARY KEY (`id`) USING BTREE,
  UNIQUE KEY `idx_category_name` (`name`) USING BTREE
) ENGINE=InnoDB AUTO_INCREMENT=36 DEFAULT CHARSET=utf8 COLLATE=utf8_bin ROW_FORMAT=COMPACT COMMENT='菜品及套餐分类';

/*Data for the table `category` */

insert  into `category`(`id`,`type`,`name`,`sort`,`status`,`create_time`,`update_time`,`create_user`,`update_user`) values (11,1,'酒水饮料',1,1,'2022-06-09 22:09:18','2022-06-09 22:09:18',1,1),(12,1,'传统主食',2,1,'2022-06-09 22:09:32','2022-06-09 22:18:53',1,1),(13,2,'人气套餐',3,1,'2022-06-09 22:11:38','2023-07-20 10:29:34',1,1),(14,2,'商务套餐',4,1,'2022-06-09 22:14:10','2023-07-20 11:03:00',1,1),(15,1,'蜀味烤鱼',5,1,'2022-06-09 22:15:37','2023-07-20 11:06:50',1,1),(16,1,'蜀味牛蛙',6,1,'2022-06-09 22:16:14','2023-07-20 11:15:11',1,1),(17,1,'特色蒸菜',7,1,'2022-06-09 22:17:42','2022-06-09 22:17:42',1,1),(18,1,'新鲜时蔬',8,1,'2022-06-09 22:18:12','2023-07-19 11:09:56',1,1),(20,1,'汤类',9,1,'2022-06-10 10:51:47','2023-07-19 09:37:32',1,1),(34,2,'情侣套餐',3,1,NULL,'2023-11-21 20:17:43',NULL,1),(35,2,'单人套餐',3,0,'2023-11-22 09:51:06','2023-11-22 09:51:06',1,1);

/*Table structure for table `dish` */

DROP TABLE IF EXISTS `dish`;

CREATE TABLE `dish` (
  `id` bigint(20) NOT NULL AUTO_INCREMENT COMMENT '主键',
  `name` varchar(32) COLLATE utf8_bin NOT NULL COMMENT '菜品名称',
  `category_id` bigint(20) NOT NULL COMMENT '菜品分类id',
  `price` decimal(10,2) DEFAULT NULL COMMENT '菜品价格',
  `image` varchar(255) COLLATE utf8_bin DEFAULT NULL COMMENT '图片',
  `description` varchar(255) COLLATE utf8_bin DEFAULT NULL COMMENT '描述信息',
  `status` int(11) DEFAULT '1' COMMENT '0 停售 1 起售',
  `create_time` datetime DEFAULT NULL COMMENT '创建时间',
  `update_time` datetime DEFAULT NULL COMMENT '更新时间',
  `create_user` bigint(20) DEFAULT NULL COMMENT '创建人',
  `update_user` bigint(20) DEFAULT NULL COMMENT '修改人',
  `make_time` int(11) DEFAULT NULL COMMENT '菜品制作时间',
  PRIMARY KEY (`id`) USING BTREE,
  UNIQUE KEY `idx_dish_name` (`name`) USING BTREE
) ENGINE=InnoDB AUTO_INCREMENT=77 DEFAULT CHARSET=utf8 COLLATE=utf8_bin ROW_FORMAT=COMPACT COMMENT='菜品';

/*Data for the table `dish` */

insert  into `dish`(`id`,`name`,`category_id`,`price`,`image`,`description`,`status`,`create_time`,`update_time`,`create_user`,`update_user`,`make_time`) values (46,'王老吉',11,'6.00','https://yjy-oss-files.oss-cn-zhangjiakou.aliyuncs.com/changqiongwaimai/84dc2906-cdb6-4148-b513-eb565501b4b9.png','小时候的味道',1,'2022-06-09 22:40:47','2022-06-09 22:40:47',1,1,9),(47,'北冰洋',11,'4.00','https://yjy-oss-files.oss-cn-zhangjiakou.aliyuncs.com/changqiongwaimai/957adf16-22bf-4bd2-86ad-56d46f7fa683.png','还是小时候的味道',1,'2022-06-10 09:18:49','2022-06-10 09:18:49',1,1,10),(48,'雪花啤酒',11,'4.00','https://yjy-oss-files.oss-cn-zhangjiakou.aliyuncs.com/changqiongwaimai/2d3d232e-d95b-4fbe-bc3d-e4f1a689bf52.png','小时候的味道',1,'2022-06-10 09:22:54','2022-06-10 09:22:54',1,1,8),(49,'米饭',12,'2.00','https://yjy-oss-files.oss-cn-zhangjiakou.aliyuncs.com/changqiongwaimai/4cf201f7-56b0-4057-b8bd-1990043db008.png','精选五常大米',0,'2022-06-10 09:30:17','2022-06-10 09:30:17',1,1,7),(50,'馒头',12,'1.00','https://yjy-oss-files.oss-cn-zhangjiakou.aliyuncs.com/changqiongwaimai/25f6823a-0762-449a-ae7b-1711292c1fce.png','优质面粉',1,'2022-06-10 09:34:28','2022-06-10 09:34:28',1,1,7),(51,'老坛酸菜鱼',15,'56.00','https://yjy-oss-files.oss-cn-zhangjiakou.aliyuncs.com/changqiongwaimai/c902c026-cacb-486d-bb9e-8ef43cbddb6e.png','原料：汤，草鱼，酸菜',1,'2022-06-10 09:40:51','2023-11-21 22:53:37',1,1,6),(52,'经典酸菜鮰鱼',15,'66.00','https://yjy-oss-files.oss-cn-zhangjiakou.aliyuncs.com/changqiongwaimai/3197b462-1ddb-4c1b-9135-c7a0d61e7c32.png','原料：酸菜，江团，鮰鱼',1,'2022-06-10 09:46:02','2022-06-10 09:46:02',1,1,7),(53,'蜀味水煮草鱼',15,'38.00','https://yjy-oss-files.oss-cn-zhangjiakou.aliyuncs.com/changqiongwaimai/14487572-00cd-4cca-a5b5-4cabb55533ff.png','原料：草鱼，汤',1,'2022-06-10 09:48:37','2022-06-10 09:48:37',1,1,7),(54,'清炒小油菜',18,'18.00','https://yjy-oss-files.oss-cn-zhangjiakou.aliyuncs.com/changqiongwaimai/302b2b51-0c94-47c4-8fa5-b97ad476e129.png','原料：小油菜',1,'2022-06-10 09:51:46','2022-06-10 09:51:46',1,1,9),(55,'蒜蓉娃娃菜',18,'18.00','https://yjy-oss-files.oss-cn-zhangjiakou.aliyuncs.com/changqiongwaimai/74464256-b88a-48ad-911c-3728162bbea6.png','原料：蒜，娃娃菜',1,'2022-06-10 09:53:37','2022-06-10 09:53:37',1,1,15),(56,'清炒西兰花',18,'18.00','https://yjy-oss-files.oss-cn-zhangjiakou.aliyuncs.com/changqiongwaimai/a6586313-914a-4eee-be9f-853bb66377b0.png','原料：西兰花',1,'2022-06-10 09:55:44','2022-06-10 09:55:44',1,1,12),(57,'炝炒圆白菜',18,'18.00','https://yjy-oss-files.oss-cn-zhangjiakou.aliyuncs.com/changqiongwaimai/da06205a-7975-49da-90ee-06d8cf2c0c8f.png','原料：圆白菜',1,'2022-06-10 09:58:35','2022-06-10 09:58:35',1,1,13),(58,'清蒸鲈鱼',17,'98.00','https://yjy-oss-files.oss-cn-zhangjiakou.aliyuncs.com/changqiongwaimai/d7492217-53d6-467b-8f95-66bbf3f73dd8.png','原料：鲈鱼',1,'2022-06-10 10:12:28','2022-06-10 10:12:28',1,1,14),(59,'东坡肘子',17,'138.00','https://yjy-oss-files.oss-cn-zhangjiakou.aliyuncs.com/changqiongwaimai/5a828765-b4cb-44e2-80d1-dc5de8261350.png','原料：猪肘棒',1,'2022-06-10 10:24:03','2022-06-10 10:24:03',1,1,16),(60,'梅菜扣肉',17,'58.00','https://yjy-oss-files.oss-cn-zhangjiakou.aliyuncs.com/changqiongwaimai/6b77bfaa-c716-4752-8b32-fc12bf408628.png','原料：猪肉，梅菜',1,'2022-06-10 10:26:03','2022-06-10 10:26:03',1,1,4),(61,'剁椒鱼头',17,'66.00','https://yjy-oss-files.oss-cn-zhangjiakou.aliyuncs.com/changqiongwaimai/4d244236-41b9-4b28-9f7a-1f3f7fe3d923.png','原料：鲢鱼，剁椒',1,'2022-06-10 10:28:54','2022-06-10 10:28:54',1,1,5),(62,'金汤酸菜牛蛙',16,'88.00','https://yjy-oss-files.oss-cn-zhangjiakou.aliyuncs.com/changqiongwaimai/9da5e551-8d3c-4d17-82e6-f280d885c89a.png','原料：鲜活牛蛙，酸菜',1,'2022-06-10 10:33:05','2022-06-10 10:33:05',1,1,6),(63,'香锅牛蛙',16,'88.00','https://yjy-oss-files.oss-cn-zhangjiakou.aliyuncs.com/changqiongwaimai/43925e17-1539-440b-94ee-9d884ef140c8.png','配料：鲜活牛蛙，莲藕，青笋',1,'2022-06-10 10:35:40','2022-06-10 10:35:40',1,1,7),(64,'馋嘴牛蛙',16,'88.00','https://yjy-oss-files.oss-cn-zhangjiakou.aliyuncs.com/changqiongwaimai/8a99a3b7-f028-4e9b-b936-391104eba972.png','配料：鲜活牛蛙，丝瓜，黄豆芽',1,'2022-06-10 10:37:52','2022-06-10 10:37:52',1,1,8),(65,'草鱼2斤',15,'68.00','https://yjy-oss-files.oss-cn-zhangjiakou.aliyuncs.com/changqiongwaimai/d9df1398-b0f4-4b47-8e78-d483b8d040c5.png','原料：草鱼，黄豆芽，莲藕',1,'2022-06-10 10:41:08','2022-06-10 10:41:08',1,1,9),(66,'江团鱼2斤',15,'119.00','https://yjy-oss-files.oss-cn-zhangjiakou.aliyuncs.com/changqiongwaimai/9829fee5-71a9-4851-9cfd-eae0865d647e.png','配料：江团鱼，黄豆芽，莲藕',1,'2022-06-10 10:42:42','2022-06-10 10:42:42',1,1,10),(67,'鮰鱼2斤',15,'72.00','https://yjy-oss-files.oss-cn-zhangjiakou.aliyuncs.com/changqiongwaimai/81990d9e-7769-41e7-a8cf-13d461b86e83.png','原料：鮰鱼，黄豆芽，莲藕',1,'2022-06-10 10:43:56','2022-06-10 10:43:56',1,1,2),(68,'鸡蛋汤',20,'4.00','https://yjy-oss-files.oss-cn-zhangjiakou.aliyuncs.com/changqiongwaimai/6c42ada2-d727-457a-a4de-6d35ad086626.png','配料：鸡蛋，紫菜',1,'2022-06-10 10:54:25','2022-06-10 10:54:25',1,1,3),(69,'平菇豆腐汤',20,'6.00','https://yjy-oss-files.oss-cn-zhangjiakou.aliyuncs.com/changqiongwaimai/611ed584-b2a9-4249-a5f6-601c3899ad45.png','配料：豆腐，平菇',1,'2022-06-10 10:55:02','2022-06-10 10:55:02',1,1,4),(70,'干锅鱼杂',15,'25.00','https://yjy-oss-files.oss-cn-zhangjiakou.aliyuncs.com/changqiongwaimai/ac2f7d61-2880-4a5d-922c-e3ccb32d748d.png','很好',1,'2023-07-19 13:45:42','2023-11-14 00:27:07',1,1,4),(76,'椰树牌椰汁',11,'8.00','https://hxc-tanhua-01.oss-cn-beijing.aliyuncs.com/705c5be173184b6581584237ac0398e3.png','从小喝到大',1,'2023-11-26 09:05:51','2023-11-26 09:05:51',1,1,0);

/*Table structure for table `dish_flavor` */

DROP TABLE IF EXISTS `dish_flavor`;

CREATE TABLE `dish_flavor` (
  `id` bigint(20) NOT NULL AUTO_INCREMENT COMMENT '主键',
  `dish_id` bigint(20) NOT NULL COMMENT '菜品',
  `name` varchar(32) COLLATE utf8_bin DEFAULT NULL COMMENT '口味名称',
  `value` varchar(255) COLLATE utf8_bin DEFAULT NULL COMMENT '口味数据list',
  PRIMARY KEY (`id`) USING BTREE
) ENGINE=InnoDB AUTO_INCREMENT=136 DEFAULT CHARSET=utf8 COLLATE=utf8_bin ROW_FORMAT=COMPACT COMMENT='菜品口味关系表';

/*Data for the table `dish_flavor` */

insert  into `dish_flavor`(`id`,`dish_id`,`name`,`value`) values (40,10,'甜味','[\"无糖\",\"少糖\",\"半糖\",\"多糖\",\"全糖\"]'),(41,7,'忌口','[\"不要葱\",\"不要蒜\",\"不要香菜\",\"不要辣\"]'),(42,7,'温度','[\"热饮\",\"常温\",\"去冰\",\"少冰\",\"多冰\"]'),(45,6,'忌口','[\"不要葱\",\"不要蒜\",\"不要香菜\",\"不要辣\"]'),(46,6,'辣度','[\"不辣\",\"微辣\",\"中辣\",\"重辣\"]'),(47,5,'辣度','[\"不辣\",\"微辣\",\"中辣\",\"重辣\"]'),(48,5,'甜味','[\"无糖\",\"少糖\",\"半糖\",\"多糖\",\"全糖\"]'),(49,2,'甜味','[\"无糖\",\"少糖\",\"半糖\",\"多糖\",\"全糖\"]'),(50,4,'甜味','[\"无糖\",\"少糖\",\"半糖\",\"多糖\",\"全糖\"]'),(51,3,'甜味','[\"无糖\",\"少糖\",\"半糖\",\"多糖\",\"全糖\"]'),(52,3,'忌口','[\"不要葱\",\"不要蒜\",\"不要香菜\",\"不要辣\"]'),(86,52,'忌口','[\"不要葱\",\"不要蒜\",\"不要香菜\",\"不要辣\"]'),(87,52,'辣度','[\"不辣\",\"微辣\",\"中辣\",\"重辣\"]'),(92,53,'忌口','[\"不要葱\",\"不要蒜\",\"不要香菜\",\"不要辣\"]'),(93,53,'辣度','[\"不辣\",\"微辣\",\"中辣\",\"重辣\"]'),(94,54,'忌口','[\"不要葱\",\"不要蒜\",\"不要香菜\"]'),(95,56,'忌口','[\"不要葱\",\"不要蒜\",\"不要香菜\",\"不要辣\"]'),(96,57,'忌口','[\"不要葱\",\"不要蒜\",\"不要香菜\",\"不要辣\"]'),(97,60,'忌口','[\"不要葱\",\"不要蒜\",\"不要香菜\",\"不要辣\"]'),(101,66,'辣度','[\"不辣\",\"微辣\",\"中辣\",\"重辣\"]'),(102,67,'辣度','[\"不辣\",\"微辣\",\"中辣\",\"重辣\"]'),(103,65,'辣度','[\"不辣\",\"微辣\",\"中辣\",\"重辣\"]'),(115,70,'辣度','[\"不辣\",\"微辣\",\"中辣\",\"重辣\"]'),(130,51,'甜味','[\"无糖\",\"少糖\",\"半糖\",\"多糖\",\"全糖\"]'),(131,51,'忌口','[\"不要葱\",\"不要蒜\",\"不要香菜\",\"不要辣\"]'),(132,51,'辣度','[\"不辣\",\"微辣\",\"中辣\",\"重辣\"]'),(135,76,'温度','[\"热饮\",\"常温\",\"去冰\",\"少冰\",\"多冰\"]');

/*Table structure for table `employee` */

DROP TABLE IF EXISTS `employee`;

CREATE TABLE `employee` (
  `id` bigint(20) NOT NULL AUTO_INCREMENT COMMENT '主键',
  `name` varchar(32) COLLATE utf8_bin NOT NULL COMMENT '姓名',
  `username` varchar(32) COLLATE utf8_bin NOT NULL COMMENT '用户名',
  `password` varchar(64) COLLATE utf8_bin NOT NULL COMMENT '密码',
  `phone` varchar(11) COLLATE utf8_bin NOT NULL COMMENT '手机号',
  `sex` varchar(2) COLLATE utf8_bin NOT NULL COMMENT '性别',
  `id_number` varchar(18) COLLATE utf8_bin NOT NULL COMMENT '身份证号',
  `status` int(11) NOT NULL DEFAULT '1' COMMENT '状态 0:禁用，1:启用',
  `create_time` datetime DEFAULT NULL COMMENT '创建时间',
  `update_time` datetime DEFAULT NULL COMMENT '更新时间',
  `create_user` bigint(20) DEFAULT NULL COMMENT '创建人',
  `update_user` bigint(20) DEFAULT NULL COMMENT '修改人',
  PRIMARY KEY (`id`) USING BTREE,
  UNIQUE KEY `idx_username` (`username`) USING BTREE
) ENGINE=InnoDB AUTO_INCREMENT=23 DEFAULT CHARSET=utf8 COLLATE=utf8_bin ROW_FORMAT=COMPACT COMMENT='员工信息';

/*Data for the table `employee` */

insert  into `employee`(`id`,`name`,`username`,`password`,`phone`,`sex`,`id_number`,`status`,`create_time`,`update_time`,`create_user`,`update_user`) values (1,'管理员','admin','123456','13812312312','1','110101199001010047',1,'2022-02-15 15:51:20','2022-02-17 09:16:20',10,1),(2,'汤姆','tom','72c2bbb8139794f38caa7ee089e61626','13988882222','1','123456789111111111',1,'2023-07-12 10:26:43','2023-07-12 10:26:43',1,1),(7,'马冬','marry','e10adc3949ba59abbe56e057f20f883e','13722222220','1','123456789111111112',1,'2023-07-12 11:21:15','2023-07-12 16:05:54',2,2),(8,'凯迪','kitty','e10adc3949ba59abbe56e057f20f883e','13788889999','0','123456789101111111',1,'2023-07-14 10:38:59','2023-07-14 10:38:59',1,1),(11,'王力宏','thatboy2','e10adc3949ba59abbe56e057f20f883e','15501521818','1','321900199704043950',1,'2023-11-13 22:46:46','2023-11-13 23:38:39',1,1),(14,'马冬','marry2','123456','15501521617','1','321088199401063950',1,'2023-11-20 02:10:02','2023-11-20 02:10:02',1,1),(16,'朱瑞','zhurui','e10adc3949ba59abbe56e057f20f883e','15501525161','1','321088199502020202',1,'2023-11-20 16:53:06','2023-11-20 16:53:06',10,10),(19,'朱瑞2','zhurui1','e10adc3949ba59abbe56e057f20f883e','15503516173','1','321088199201010101',1,'2023-11-20 17:11:27','2023-11-21 20:08:11',1,1),(20,'张三','zhangsan','123456','15501521617','1','321088199303030303',1,'2023-11-21 20:31:36','2023-11-21 20:31:36',1,1),(21,'李四_1','lisi','123456','15501526262','1','321088199401010001',1,'2023-11-21 20:41:04','2023-11-22 10:41:22',1,1),(22,'王梓聪','wangzicong','e10adc3949ba59abbe56e057f20f883e','15501521616','1','321088199501010101',1,'2023-11-22 10:42:26','2023-11-25 12:07:17',1,1);

/*Table structure for table `merchant` */

DROP TABLE IF EXISTS `merchant`;

CREATE TABLE `merchant` (
  `id` bigint(20) NOT NULL AUTO_INCREMENT COMMENT '商家编号',
  `merchant_no` varchar(255) COLLATE utf8mb4_bin DEFAULT NULL COMMENT '商铺编号',
  `shop_name` varchar(255) COLLATE utf8mb4_bin DEFAULT NULL COMMENT '商铺名称',
  `shop_telephone` varchar(255) COLLATE utf8mb4_bin DEFAULT NULL COMMENT '商家电话',
  `shop_address` varchar(255) COLLATE utf8mb4_bin DEFAULT NULL COMMENT '商家地址',
  `delivery_time` varchar(255) COLLATE utf8mb4_bin DEFAULT NULL COMMENT '商家配送时间范围',
  `merchant_evaluation` varchar(255) COLLATE utf8mb4_bin DEFAULT NULL COMMENT '商铺评价',
  `merchant_food_safety_archives` varchar(255) COLLATE utf8mb4_bin DEFAULT NULL COMMENT '商品食品安全档案',
  `merchant_provides_delivery_fees` varchar(255) COLLATE utf8mb4_bin DEFAULT NULL COMMENT '商品是否提供 配送费   1  提供配送费 顾客无需支付   0  否  需要支付配送费',
  PRIMARY KEY (`id`) USING BTREE
) ENGINE=InnoDB AUTO_INCREMENT=3 DEFAULT CHARSET=utf8mb4 COLLATE=utf8mb4_bin ROW_FORMAT=COMPACT;

/*Data for the table `merchant` */

insert  into `merchant`(`id`,`merchant_no`,`shop_name`,`shop_telephone`,`shop_address`,`delivery_time`,`merchant_evaluation`,`merchant_food_safety_archives`,`merchant_provides_delivery_fees`) values (1,'itcast001','大力水手1号店(海淀店)','13899992222','北京市海淀区清河街道领秀新硅谷A区','08:30--22:30','很好的一家店','国家核准一级健康许可证','0'),(2,'itcast002','大力水手2号店(昌平店)','13800002222','北京市昌平区金燕龙传智教育总部','08:30--22:30','很棒的一家店','国家核准一级健康许可证','1');

/*Table structure for table `order_detail` */

DROP TABLE IF EXISTS `order_detail`;

CREATE TABLE `order_detail` (
  `id` bigint(20) NOT NULL AUTO_INCREMENT COMMENT '主键',
  `name` varchar(32) COLLATE utf8_bin DEFAULT NULL COMMENT '名字',
  `image` varchar(255) COLLATE utf8_bin DEFAULT NULL COMMENT '图片',
  `order_id` bigint(20) NOT NULL COMMENT '订单id',
  `dish_id` bigint(20) DEFAULT NULL COMMENT '菜品id',
  `setmeal_id` bigint(20) DEFAULT NULL COMMENT '套餐id',
  `dish_flavor` varchar(50) COLLATE utf8_bin DEFAULT NULL COMMENT '口味',
  `number` int(11) NOT NULL DEFAULT '1' COMMENT '数量',
  `amount` decimal(10,2) NOT NULL COMMENT '金额',
  PRIMARY KEY (`id`) USING BTREE
) ENGINE=InnoDB AUTO_INCREMENT=271 DEFAULT CHARSET=utf8 COLLATE=utf8_bin ROW_FORMAT=COMPACT COMMENT='订单明细表';

/*Data for the table `order_detail` */

insert  into `order_detail`(`id`,`name`,`image`,`order_id`,`dish_id`,`setmeal_id`,`dish_flavor`,`number`,`amount`) values (121,'金领超爱','https://yjy-oss-files.oss-cn-zhangjiakou.aliyuncs.com/changqiongwaimai/0e2a9553-f149-4e6f-9f04-8f864a11b574.png',92,NULL,1,NULL,1,'35.00'),(122,'蓝领特爱','https://yjy-oss-files.oss-cn-zhangjiakou.aliyuncs.com/changqiongwaimai/bc9ac3a6-a4eb-4e09-967a-6cf7dce1b9a3.png',93,NULL,3,NULL,1,'35.00'),(123,'白领超赞','https://yjy-oss-files.oss-cn-zhangjiakou.aliyuncs.com/changqiongwaimai/e24f366c-ab53-42f0-952a-0999c951ae3e.png',93,NULL,2,NULL,1,'402.00'),(124,'金汤酸菜牛蛙','https://yjy-oss-files.oss-cn-zhangjiakou.aliyuncs.com/changqiongwaimai/9da5e551-8d3c-4d17-82e6-f280d885c89a.png',94,62,NULL,NULL,1,'88.00'),(125,'雪花啤酒','https://yjy-oss-files.oss-cn-zhangjiakou.aliyuncs.com/changqiongwaimai/2d3d232e-d95b-4fbe-bc3d-e4f1a689bf52.png',95,48,NULL,NULL,1,'4.00'),(126,'蓝领特爱','https://yjy-oss-files.oss-cn-zhangjiakou.aliyuncs.com/changqiongwaimai/bc9ac3a6-a4eb-4e09-967a-6cf7dce1b9a3.png',96,NULL,3,NULL,1,'35.00'),(127,'白领超赞','https://yjy-oss-files.oss-cn-zhangjiakou.aliyuncs.com/changqiongwaimai/e24f366c-ab53-42f0-952a-0999c951ae3e.png',96,NULL,2,NULL,1,'402.00'),(128,'王老吉','https://yjy-oss-files.oss-cn-zhangjiakou.aliyuncs.com/changqiongwaimai/84dc2906-cdb6-4148-b513-eb565501b4b9.png',97,46,NULL,NULL,1,'6.00'),(129,'北冰洋','https://yjy-oss-files.oss-cn-zhangjiakou.aliyuncs.com/changqiongwaimai/957adf16-22bf-4bd2-86ad-56d46f7fa683.png',97,47,NULL,NULL,1,'4.00'),(130,'雪花啤酒','https://yjy-oss-files.oss-cn-zhangjiakou.aliyuncs.com/changqiongwaimai/2d3d232e-d95b-4fbe-bc3d-e4f1a689bf52.png',98,48,NULL,NULL,1,'4.00'),(131,'北冰洋','https://yjy-oss-files.oss-cn-zhangjiakou.aliyuncs.com/changqiongwaimai/957adf16-22bf-4bd2-86ad-56d46f7fa683.png',98,47,NULL,NULL,1,'4.00'),(132,'鮰鱼2斤','https://yjy-oss-files.oss-cn-zhangjiakou.aliyuncs.com/changqiongwaimai/81990d9e-7769-41e7-a8cf-13d461b86e83.png',99,67,NULL,'不辣',1,'72.00'),(133,'白领超赞','https://yjy-oss-files.oss-cn-zhangjiakou.aliyuncs.com/changqiongwaimai/e24f366c-ab53-42f0-952a-0999c951ae3e.png',99,NULL,2,NULL,1,'402.00'),(134,'蓝领特爱','https://yjy-oss-files.oss-cn-zhangjiakou.aliyuncs.com/changqiongwaimai/bc9ac3a6-a4eb-4e09-967a-6cf7dce1b9a3.png',100,NULL,3,NULL,1,'35.00'),(135,'北冰洋','https://yjy-oss-files.oss-cn-zhangjiakou.aliyuncs.com/changqiongwaimai/957adf16-22bf-4bd2-86ad-56d46f7fa683.png',101,47,NULL,NULL,1,'4.00'),(136,'北冰洋','https://yjy-oss-files.oss-cn-zhangjiakou.aliyuncs.com/changqiongwaimai/957adf16-22bf-4bd2-86ad-56d46f7fa683.png',102,47,NULL,NULL,1,'4.00'),(137,'王老吉','https://yjy-oss-files.oss-cn-zhangjiakou.aliyuncs.com/changqiongwaimai/84dc2906-cdb6-4148-b513-eb565501b4b9.png',102,46,NULL,NULL,1,'6.00'),(138,'北冰洋','https://yjy-oss-files.oss-cn-zhangjiakou.aliyuncs.com/changqiongwaimai/957adf16-22bf-4bd2-86ad-56d46f7fa683.png',103,47,NULL,NULL,1,'4.00'),(139,'北冰洋','https://yjy-oss-files.oss-cn-zhangjiakou.aliyuncs.com/changqiongwaimai/957adf16-22bf-4bd2-86ad-56d46f7fa683.png',104,47,NULL,NULL,1,'4.00'),(140,'王老吉','https://yjy-oss-files.oss-cn-zhangjiakou.aliyuncs.com/changqiongwaimai/84dc2906-cdb6-4148-b513-eb565501b4b9.png',104,46,NULL,NULL,1,'6.00'),(141,'雪花啤酒','https://yjy-oss-files.oss-cn-zhangjiakou.aliyuncs.com/changqiongwaimai/2d3d232e-d95b-4fbe-bc3d-e4f1a689bf52.png',105,48,NULL,NULL,1,'4.00'),(142,'北冰洋','https://yjy-oss-files.oss-cn-zhangjiakou.aliyuncs.com/changqiongwaimai/957adf16-22bf-4bd2-86ad-56d46f7fa683.png',105,47,NULL,NULL,1,'4.00'),(143,'王老吉','https://yjy-oss-files.oss-cn-zhangjiakou.aliyuncs.com/changqiongwaimai/84dc2906-cdb6-4148-b513-eb565501b4b9.png',106,46,NULL,NULL,1,'6.00'),(144,'北冰洋','https://yjy-oss-files.oss-cn-zhangjiakou.aliyuncs.com/changqiongwaimai/957adf16-22bf-4bd2-86ad-56d46f7fa683.png',106,47,NULL,NULL,2,'4.00'),(145,'北冰洋','https://yjy-oss-files.oss-cn-zhangjiakou.aliyuncs.com/changqiongwaimai/957adf16-22bf-4bd2-86ad-56d46f7fa683.png',107,47,NULL,NULL,1,'4.00'),(146,'干锅鱼杂','https://yjy-oss-files.oss-cn-zhangjiakou.aliyuncs.com/changqiongwaimai/ac2f7d61-2880-4a5d-922c-e3ccb32d748d.png',108,70,NULL,'不辣',1,'22.00'),(147,'北冰洋','https://yjy-oss-files.oss-cn-zhangjiakou.aliyuncs.com/changqiongwaimai/957adf16-22bf-4bd2-86ad-56d46f7fa683.png',108,47,NULL,NULL,1,'4.00'),(148,'北冰洋','https://yjy-oss-files.oss-cn-zhangjiakou.aliyuncs.com/changqiongwaimai/957adf16-22bf-4bd2-86ad-56d46f7fa683.png',109,47,NULL,NULL,1,'4.00'),(149,'北冰洋','https://yjy-oss-files.oss-cn-zhangjiakou.aliyuncs.com/changqiongwaimai/957adf16-22bf-4bd2-86ad-56d46f7fa683.png',110,47,NULL,NULL,1,'4.00'),(150,'王老吉','https://yjy-oss-files.oss-cn-zhangjiakou.aliyuncs.com/changqiongwaimai/84dc2906-cdb6-4148-b513-eb565501b4b9.png',111,46,NULL,NULL,1,'6.00'),(151,'北冰洋','https://yjy-oss-files.oss-cn-zhangjiakou.aliyuncs.com/changqiongwaimai/957adf16-22bf-4bd2-86ad-56d46f7fa683.png',111,47,NULL,NULL,1,'4.00'),(152,'雪花啤酒','https://yjy-oss-files.oss-cn-zhangjiakou.aliyuncs.com/changqiongwaimai/2d3d232e-d95b-4fbe-bc3d-e4f1a689bf52.png',111,48,NULL,NULL,1,'4.00'),(153,'北冰洋','https://yjy-oss-files.oss-cn-zhangjiakou.aliyuncs.com/changqiongwaimai/957adf16-22bf-4bd2-86ad-56d46f7fa683.png',112,47,NULL,NULL,1,'4.00'),(154,'王老吉','https://yjy-oss-files.oss-cn-zhangjiakou.aliyuncs.com/changqiongwaimai/84dc2906-cdb6-4148-b513-eb565501b4b9.png',113,46,NULL,NULL,1,'6.00'),(155,'北冰洋','https://yjy-oss-files.oss-cn-zhangjiakou.aliyuncs.com/changqiongwaimai/957adf16-22bf-4bd2-86ad-56d46f7fa683.png',113,47,NULL,NULL,1,'4.00'),(156,'王老吉','https://yjy-oss-files.oss-cn-zhangjiakou.aliyuncs.com/changqiongwaimai/84dc2906-cdb6-4148-b513-eb565501b4b9.png',114,46,NULL,NULL,1,'6.00'),(157,'北冰洋','https://yjy-oss-files.oss-cn-zhangjiakou.aliyuncs.com/changqiongwaimai/957adf16-22bf-4bd2-86ad-56d46f7fa683.png',114,47,NULL,NULL,1,'4.00'),(158,'雪花啤酒','https://yjy-oss-files.oss-cn-zhangjiakou.aliyuncs.com/changqiongwaimai/2d3d232e-d95b-4fbe-bc3d-e4f1a689bf52.png',114,48,NULL,NULL,1,'4.00'),(159,'雪花啤酒','https://yjy-oss-files.oss-cn-zhangjiakou.aliyuncs.com/changqiongwaimai/2d3d232e-d95b-4fbe-bc3d-e4f1a689bf52.png',115,48,NULL,NULL,1,'4.00'),(160,'北冰洋','https://yjy-oss-files.oss-cn-zhangjiakou.aliyuncs.com/changqiongwaimai/957adf16-22bf-4bd2-86ad-56d46f7fa683.png',116,47,NULL,NULL,1,'4.00'),(161,'北冰洋','https://yjy-oss-files.oss-cn-zhangjiakou.aliyuncs.com/changqiongwaimai/957adf16-22bf-4bd2-86ad-56d46f7fa683.png',117,47,NULL,NULL,1,'4.00'),(162,'馒头','https://yjy-oss-files.oss-cn-zhangjiakou.aliyuncs.com/changqiongwaimai/25f6823a-0762-449a-ae7b-1711292c1fce.png',118,50,NULL,NULL,1,'1.00'),(163,'金领超爱','https://yjy-oss-files.oss-cn-zhangjiakou.aliyuncs.com/changqiongwaimai/0e2a9553-f149-4e6f-9f04-8f864a11b574.png',118,NULL,1,NULL,1,'35.00'),(164,'雪花啤酒','https://yjy-oss-files.oss-cn-zhangjiakou.aliyuncs.com/changqiongwaimai/2d3d232e-d95b-4fbe-bc3d-e4f1a689bf52.png',119,48,NULL,NULL,1,'4.00'),(165,'雪花啤酒','https://yjy-oss-files.oss-cn-zhangjiakou.aliyuncs.com/changqiongwaimai/2d3d232e-d95b-4fbe-bc3d-e4f1a689bf52.png',120,48,NULL,NULL,1,'4.00'),(166,'北冰洋','https://yjy-oss-files.oss-cn-zhangjiakou.aliyuncs.com/changqiongwaimai/957adf16-22bf-4bd2-86ad-56d46f7fa683.png',120,47,NULL,NULL,1,'4.00'),(167,'王老吉','https://yjy-oss-files.oss-cn-zhangjiakou.aliyuncs.com/changqiongwaimai/84dc2906-cdb6-4148-b513-eb565501b4b9.png',120,46,NULL,NULL,1,'6.00'),(168,'雪花啤酒','https://yjy-oss-files.oss-cn-zhangjiakou.aliyuncs.com/changqiongwaimai/2d3d232e-d95b-4fbe-bc3d-e4f1a689bf52.png',121,48,NULL,NULL,1,'4.00'),(169,'雪花啤酒','https://yjy-oss-files.oss-cn-zhangjiakou.aliyuncs.com/changqiongwaimai/2d3d232e-d95b-4fbe-bc3d-e4f1a689bf52.png',122,48,NULL,NULL,1,'4.00'),(170,'北冰洋','https://yjy-oss-files.oss-cn-zhangjiakou.aliyuncs.com/changqiongwaimai/957adf16-22bf-4bd2-86ad-56d46f7fa683.png',122,47,NULL,NULL,2,'4.00'),(171,'雪花啤酒','https://yjy-oss-files.oss-cn-zhangjiakou.aliyuncs.com/changqiongwaimai/2d3d232e-d95b-4fbe-bc3d-e4f1a689bf52.png',123,48,NULL,NULL,1,'4.00'),(172,'馒头','https://yjy-oss-files.oss-cn-zhangjiakou.aliyuncs.com/changqiongwaimai/25f6823a-0762-449a-ae7b-1711292c1fce.png',124,50,NULL,NULL,1,'1.00'),(173,'金领超爱','https://yjy-oss-files.oss-cn-zhangjiakou.aliyuncs.com/changqiongwaimai/0e2a9553-f149-4e6f-9f04-8f864a11b574.png',124,NULL,1,NULL,1,'35.00'),(174,'蓝领特爱','https://yjy-oss-files.oss-cn-zhangjiakou.aliyuncs.com/changqiongwaimai/bc9ac3a6-a4eb-4e09-967a-6cf7dce1b9a3.png',125,NULL,3,NULL,1,'35.00'),(175,'北冰洋','https://yjy-oss-files.oss-cn-zhangjiakou.aliyuncs.com/changqiongwaimai/957adf16-22bf-4bd2-86ad-56d46f7fa683.png',125,47,NULL,NULL,1,'4.00'),(176,'雪花啤酒','https://yjy-oss-files.oss-cn-zhangjiakou.aliyuncs.com/changqiongwaimai/2d3d232e-d95b-4fbe-bc3d-e4f1a689bf52.png',125,48,NULL,NULL,1,'4.00'),(177,'蓝领特爱','https://yjy-oss-files.oss-cn-zhangjiakou.aliyuncs.com/changqiongwaimai/bc9ac3a6-a4eb-4e09-967a-6cf7dce1b9a3.png',126,NULL,3,NULL,2,'35.00'),(178,'干锅鱼杂','https://yjy-oss-files.oss-cn-zhangjiakou.aliyuncs.com/changqiongwaimai/ac2f7d61-2880-4a5d-922c-e3ccb32d748d.png',126,70,NULL,'不辣',1,'22.00'),(179,'雪花啤酒','https://yjy-oss-files.oss-cn-zhangjiakou.aliyuncs.com/changqiongwaimai/2d3d232e-d95b-4fbe-bc3d-e4f1a689bf52.png',126,48,NULL,NULL,1,'4.00'),(180,'北冰洋','https://yjy-oss-files.oss-cn-zhangjiakou.aliyuncs.com/changqiongwaimai/957adf16-22bf-4bd2-86ad-56d46f7fa683.png',126,47,NULL,NULL,1,'4.00'),(181,'雪花啤酒','https://yjy-oss-files.oss-cn-zhangjiakou.aliyuncs.com/changqiongwaimai/2d3d232e-d95b-4fbe-bc3d-e4f1a689bf52.png',127,48,NULL,NULL,1,'4.00'),(182,'北冰洋','https://yjy-oss-files.oss-cn-zhangjiakou.aliyuncs.com/changqiongwaimai/957adf16-22bf-4bd2-86ad-56d46f7fa683.png',128,47,NULL,NULL,1,'4.00'),(183,'北冰洋','https://yjy-oss-files.oss-cn-zhangjiakou.aliyuncs.com/changqiongwaimai/957adf16-22bf-4bd2-86ad-56d46f7fa683.png',129,47,NULL,NULL,1,'4.00'),(184,'北冰洋','https://yjy-oss-files.oss-cn-zhangjiakou.aliyuncs.com/changqiongwaimai/957adf16-22bf-4bd2-86ad-56d46f7fa683.png',130,47,NULL,NULL,1,'4.00'),(185,'雪花啤酒','https://yjy-oss-files.oss-cn-zhangjiakou.aliyuncs.com/changqiongwaimai/2d3d232e-d95b-4fbe-bc3d-e4f1a689bf52.png',130,48,NULL,NULL,1,'4.00'),(186,'王老吉','https://yjy-oss-files.oss-cn-zhangjiakou.aliyuncs.com/changqiongwaimai/84dc2906-cdb6-4148-b513-eb565501b4b9.png',131,46,NULL,NULL,1,'6.00'),(187,'北冰洋','https://yjy-oss-files.oss-cn-zhangjiakou.aliyuncs.com/changqiongwaimai/957adf16-22bf-4bd2-86ad-56d46f7fa683.png',131,47,NULL,NULL,1,'4.00'),(188,'北冰洋','https://yjy-oss-files.oss-cn-zhangjiakou.aliyuncs.com/changqiongwaimai/957adf16-22bf-4bd2-86ad-56d46f7fa683.png',132,47,NULL,NULL,1,'4.00'),(189,'雪花啤酒','https://yjy-oss-files.oss-cn-zhangjiakou.aliyuncs.com/changqiongwaimai/2d3d232e-d95b-4fbe-bc3d-e4f1a689bf52.png',132,48,NULL,NULL,1,'4.00'),(190,'北冰洋','https://yjy-oss-files.oss-cn-zhangjiakou.aliyuncs.com/changqiongwaimai/957adf16-22bf-4bd2-86ad-56d46f7fa683.png',133,47,NULL,NULL,1,'4.00'),(191,'雪花啤酒','https://yjy-oss-files.oss-cn-zhangjiakou.aliyuncs.com/changqiongwaimai/2d3d232e-d95b-4fbe-bc3d-e4f1a689bf52.png',133,48,NULL,NULL,1,'4.00'),(192,'北冰洋','https://yjy-oss-files.oss-cn-zhangjiakou.aliyuncs.com/changqiongwaimai/957adf16-22bf-4bd2-86ad-56d46f7fa683.png',134,47,NULL,NULL,1,'4.00'),(193,'雪花啤酒','https://yjy-oss-files.oss-cn-zhangjiakou.aliyuncs.com/changqiongwaimai/2d3d232e-d95b-4fbe-bc3d-e4f1a689bf52.png',134,48,NULL,NULL,1,'4.00'),(194,'金领超爱','https://yjy-oss-files.oss-cn-zhangjiakou.aliyuncs.com/changqiongwaimai/0e2a9553-f149-4e6f-9f04-8f864a11b574.png',135,NULL,1,NULL,1,'35.00'),(195,'馒头','https://yjy-oss-files.oss-cn-zhangjiakou.aliyuncs.com/changqiongwaimai/25f6823a-0762-449a-ae7b-1711292c1fce.png',135,50,NULL,NULL,1,'1.00'),(196,'金领超爱','https://yjy-oss-files.oss-cn-zhangjiakou.aliyuncs.com/changqiongwaimai/0e2a9553-f149-4e6f-9f04-8f864a11b574.png',136,NULL,1,NULL,1,'35.00'),(197,'馒头','https://yjy-oss-files.oss-cn-zhangjiakou.aliyuncs.com/changqiongwaimai/25f6823a-0762-449a-ae7b-1711292c1fce.png',136,50,NULL,NULL,1,'1.00'),(198,'香锅牛蛙','https://yjy-oss-files.oss-cn-zhangjiakou.aliyuncs.com/changqiongwaimai/43925e17-1539-440b-94ee-9d884ef140c8.png',137,63,NULL,NULL,1,'88.00'),(199,'馋嘴牛蛙','https://yjy-oss-files.oss-cn-zhangjiakou.aliyuncs.com/changqiongwaimai/8a99a3b7-f028-4e9b-b936-391104eba972.png',137,64,NULL,NULL,1,'88.00'),(200,'白领超赞','https://yjy-oss-files.oss-cn-zhangjiakou.aliyuncs.com/changqiongwaimai/e24f366c-ab53-42f0-952a-0999c951ae3e.png',138,NULL,2,NULL,1,'402.00'),(201,'白领超赞','https://yjy-oss-files.oss-cn-zhangjiakou.aliyuncs.com/changqiongwaimai/e24f366c-ab53-42f0-952a-0999c951ae3e.png',139,NULL,2,NULL,1,'402.00'),(202,'雪花啤酒','https://yjy-oss-files.oss-cn-zhangjiakou.aliyuncs.com/changqiongwaimai/2d3d232e-d95b-4fbe-bc3d-e4f1a689bf52.png',140,48,NULL,NULL,1,'4.00'),(203,'金领超爱','https://yjy-oss-files.oss-cn-zhangjiakou.aliyuncs.com/changqiongwaimai/0e2a9553-f149-4e6f-9f04-8f864a11b574.png',140,NULL,1,NULL,1,'35.00'),(204,'馒头','https://yjy-oss-files.oss-cn-zhangjiakou.aliyuncs.com/changqiongwaimai/25f6823a-0762-449a-ae7b-1711292c1fce.png',140,50,NULL,NULL,1,'1.00'),(205,'鮰鱼2斤','https://yjy-oss-files.oss-cn-zhangjiakou.aliyuncs.com/changqiongwaimai/81990d9e-7769-41e7-a8cf-13d461b86e83.png',141,67,NULL,'不辣',1,'72.00'),(206,'干锅鱼杂','https://yjy-oss-files.oss-cn-zhangjiakou.aliyuncs.com/changqiongwaimai/ac2f7d61-2880-4a5d-922c-e3ccb32d748d.png',141,70,NULL,'不辣',1,'25.00'),(207,'白领超赞','https://yjy-oss-files.oss-cn-zhangjiakou.aliyuncs.com/changqiongwaimai/e24f366c-ab53-42f0-952a-0999c951ae3e.png',142,NULL,2,NULL,2,'402.00'),(208,'北冰洋','https://yjy-oss-files.oss-cn-zhangjiakou.aliyuncs.com/changqiongwaimai/957adf16-22bf-4bd2-86ad-56d46f7fa683.png',142,47,NULL,NULL,1,'4.00'),(209,'雪花啤酒','https://yjy-oss-files.oss-cn-zhangjiakou.aliyuncs.com/changqiongwaimai/2d3d232e-d95b-4fbe-bc3d-e4f1a689bf52.png',142,48,NULL,NULL,1,'4.00'),(210,'雪花啤酒','https://yjy-oss-files.oss-cn-zhangjiakou.aliyuncs.com/changqiongwaimai/2d3d232e-d95b-4fbe-bc3d-e4f1a689bf52.png',143,48,NULL,NULL,1,'4.00'),(211,'雪花啤酒','https://yjy-oss-files.oss-cn-zhangjiakou.aliyuncs.com/changqiongwaimai/2d3d232e-d95b-4fbe-bc3d-e4f1a689bf52.png',144,48,NULL,NULL,2,'4.00'),(212,'椰树牌椰汁','https://hxc-tanhua-01.oss-cn-beijing.aliyuncs.com/d894bac9373e4200a364d672cdfd22bc.png',144,76,NULL,'热饮',1,'8.00'),(213,'蓝领特爱','https://yjy-oss-files.oss-cn-zhangjiakou.aliyuncs.com/changqiongwaimai/bc9ac3a6-a4eb-4e09-967a-6cf7dce1b9a3.png',144,NULL,3,NULL,1,'35.00'),(214,'馒头','https://yjy-oss-files.oss-cn-zhangjiakou.aliyuncs.com/changqiongwaimai/25f6823a-0762-449a-ae7b-1711292c1fce.png',144,50,NULL,NULL,1,'1.00'),(215,'雪花啤酒','https://yjy-oss-files.oss-cn-zhangjiakou.aliyuncs.com/changqiongwaimai/2d3d232e-d95b-4fbe-bc3d-e4f1a689bf52.png',145,48,NULL,NULL,2,'4.00'),(216,'椰树牌椰汁','https://hxc-tanhua-01.oss-cn-beijing.aliyuncs.com/d894bac9373e4200a364d672cdfd22bc.png',145,76,NULL,'热饮',1,'8.00'),(217,'蓝领特爱','https://yjy-oss-files.oss-cn-zhangjiakou.aliyuncs.com/changqiongwaimai/bc9ac3a6-a4eb-4e09-967a-6cf7dce1b9a3.png',145,NULL,3,NULL,1,'35.00'),(218,'馒头','https://yjy-oss-files.oss-cn-zhangjiakou.aliyuncs.com/changqiongwaimai/25f6823a-0762-449a-ae7b-1711292c1fce.png',145,50,NULL,NULL,1,'1.00'),(219,'雪花啤酒','https://yjy-oss-files.oss-cn-zhangjiakou.aliyuncs.com/changqiongwaimai/2d3d232e-d95b-4fbe-bc3d-e4f1a689bf52.png',146,48,NULL,NULL,2,'4.00'),(220,'椰树牌椰汁','https://hxc-tanhua-01.oss-cn-beijing.aliyuncs.com/d894bac9373e4200a364d672cdfd22bc.png',146,76,NULL,'热饮',1,'8.00'),(221,'蓝领特爱','https://yjy-oss-files.oss-cn-zhangjiakou.aliyuncs.com/changqiongwaimai/bc9ac3a6-a4eb-4e09-967a-6cf7dce1b9a3.png',146,NULL,3,NULL,1,'35.00'),(222,'馒头','https://yjy-oss-files.oss-cn-zhangjiakou.aliyuncs.com/changqiongwaimai/25f6823a-0762-449a-ae7b-1711292c1fce.png',146,50,NULL,NULL,1,'1.00'),(223,'雪花啤酒','https://yjy-oss-files.oss-cn-zhangjiakou.aliyuncs.com/changqiongwaimai/2d3d232e-d95b-4fbe-bc3d-e4f1a689bf52.png',147,48,NULL,NULL,2,'4.00'),(224,'椰树牌椰汁','https://hxc-tanhua-01.oss-cn-beijing.aliyuncs.com/d894bac9373e4200a364d672cdfd22bc.png',147,76,NULL,'热饮',1,'8.00'),(225,'蓝领特爱','https://yjy-oss-files.oss-cn-zhangjiakou.aliyuncs.com/changqiongwaimai/bc9ac3a6-a4eb-4e09-967a-6cf7dce1b9a3.png',147,NULL,3,NULL,1,'35.00'),(226,'馒头','https://yjy-oss-files.oss-cn-zhangjiakou.aliyuncs.com/changqiongwaimai/25f6823a-0762-449a-ae7b-1711292c1fce.png',147,50,NULL,NULL,1,'1.00'),(227,'雪花啤酒','https://yjy-oss-files.oss-cn-zhangjiakou.aliyuncs.com/changqiongwaimai/2d3d232e-d95b-4fbe-bc3d-e4f1a689bf52.png',148,48,NULL,NULL,2,'4.00'),(228,'椰树牌椰汁','https://hxc-tanhua-01.oss-cn-beijing.aliyuncs.com/d894bac9373e4200a364d672cdfd22bc.png',148,76,NULL,'热饮',1,'8.00'),(229,'蓝领特爱','https://yjy-oss-files.oss-cn-zhangjiakou.aliyuncs.com/changqiongwaimai/bc9ac3a6-a4eb-4e09-967a-6cf7dce1b9a3.png',148,NULL,3,NULL,1,'35.00'),(230,'馒头','https://yjy-oss-files.oss-cn-zhangjiakou.aliyuncs.com/changqiongwaimai/25f6823a-0762-449a-ae7b-1711292c1fce.png',148,50,NULL,NULL,1,'1.00'),(231,'雪花啤酒','https://yjy-oss-files.oss-cn-zhangjiakou.aliyuncs.com/changqiongwaimai/2d3d232e-d95b-4fbe-bc3d-e4f1a689bf52.png',149,48,NULL,NULL,2,'4.00'),(232,'椰树牌椰汁','https://hxc-tanhua-01.oss-cn-beijing.aliyuncs.com/d894bac9373e4200a364d672cdfd22bc.png',149,76,NULL,'热饮',1,'8.00'),(233,'蓝领特爱','https://yjy-oss-files.oss-cn-zhangjiakou.aliyuncs.com/changqiongwaimai/bc9ac3a6-a4eb-4e09-967a-6cf7dce1b9a3.png',149,NULL,3,NULL,1,'35.00'),(234,'馒头','https://yjy-oss-files.oss-cn-zhangjiakou.aliyuncs.com/changqiongwaimai/25f6823a-0762-449a-ae7b-1711292c1fce.png',149,50,NULL,NULL,1,'1.00'),(235,'雪花啤酒','https://yjy-oss-files.oss-cn-zhangjiakou.aliyuncs.com/changqiongwaimai/2d3d232e-d95b-4fbe-bc3d-e4f1a689bf52.png',150,48,NULL,NULL,2,'4.00'),(236,'椰树牌椰汁','https://hxc-tanhua-01.oss-cn-beijing.aliyuncs.com/d894bac9373e4200a364d672cdfd22bc.png',150,76,NULL,'热饮',1,'8.00'),(237,'蓝领特爱','https://yjy-oss-files.oss-cn-zhangjiakou.aliyuncs.com/changqiongwaimai/bc9ac3a6-a4eb-4e09-967a-6cf7dce1b9a3.png',150,NULL,3,NULL,1,'35.00'),(238,'馒头','https://yjy-oss-files.oss-cn-zhangjiakou.aliyuncs.com/changqiongwaimai/25f6823a-0762-449a-ae7b-1711292c1fce.png',150,50,NULL,NULL,1,'1.00'),(239,'雪花啤酒','https://yjy-oss-files.oss-cn-zhangjiakou.aliyuncs.com/changqiongwaimai/2d3d232e-d95b-4fbe-bc3d-e4f1a689bf52.png',152,48,NULL,NULL,2,'4.00'),(240,'椰树牌椰汁','https://hxc-tanhua-01.oss-cn-beijing.aliyuncs.com/d894bac9373e4200a364d672cdfd22bc.png',152,76,NULL,'热饮',1,'8.00'),(241,'蓝领特爱','https://yjy-oss-files.oss-cn-zhangjiakou.aliyuncs.com/changqiongwaimai/bc9ac3a6-a4eb-4e09-967a-6cf7dce1b9a3.png',152,NULL,3,NULL,1,'35.00'),(242,'馒头','https://yjy-oss-files.oss-cn-zhangjiakou.aliyuncs.com/changqiongwaimai/25f6823a-0762-449a-ae7b-1711292c1fce.png',152,50,NULL,NULL,1,'1.00'),(243,'椰树牌椰汁','https://hxc-tanhua-01.oss-cn-beijing.aliyuncs.com/705c5be173184b6581584237ac0398e3.png',153,76,NULL,'热饮',1,'8.00'),(244,'椰树牌椰汁','https://hxc-tanhua-01.oss-cn-beijing.aliyuncs.com/705c5be173184b6581584237ac0398e3.png',154,76,NULL,'热饮',1,'8.00'),(245,'椰树牌椰汁','https://hxc-tanhua-01.oss-cn-beijing.aliyuncs.com/705c5be173184b6581584237ac0398e3.png',155,76,NULL,'热饮',1,'8.00'),(246,'椰树牌椰汁','https://hxc-tanhua-01.oss-cn-beijing.aliyuncs.com/705c5be173184b6581584237ac0398e3.png',156,76,NULL,'热饮',1,'8.00'),(247,'椰树牌椰汁','https://hxc-tanhua-01.oss-cn-beijing.aliyuncs.com/705c5be173184b6581584237ac0398e3.png',157,76,NULL,'热饮',1,'8.00'),(248,'椰树牌椰汁','https://hxc-tanhua-01.oss-cn-beijing.aliyuncs.com/705c5be173184b6581584237ac0398e3.png',158,76,NULL,'热饮',1,'8.00'),(249,'椰树牌椰汁','https://hxc-tanhua-01.oss-cn-beijing.aliyuncs.com/705c5be173184b6581584237ac0398e3.png',159,76,NULL,'热饮',1,'8.00'),(250,'椰树牌椰汁','https://hxc-tanhua-01.oss-cn-beijing.aliyuncs.com/705c5be173184b6581584237ac0398e3.png',160,76,NULL,'热饮',1,'8.00'),(251,'椰树牌椰汁','https://hxc-tanhua-01.oss-cn-beijing.aliyuncs.com/705c5be173184b6581584237ac0398e3.png',161,76,NULL,'热饮',1,'8.00'),(252,'椰树牌椰汁','https://hxc-tanhua-01.oss-cn-beijing.aliyuncs.com/705c5be173184b6581584237ac0398e3.png',162,76,NULL,'热饮',1,'8.00'),(253,'椰树牌椰汁','https://hxc-tanhua-01.oss-cn-beijing.aliyuncs.com/705c5be173184b6581584237ac0398e3.png',163,76,NULL,'热饮',1,'8.00'),(254,'雪花啤酒','https://yjy-oss-files.oss-cn-zhangjiakou.aliyuncs.com/changqiongwaimai/2d3d232e-d95b-4fbe-bc3d-e4f1a689bf52.png',164,48,NULL,NULL,1,'4.00'),(255,'椰树牌椰汁','https://hxc-tanhua-01.oss-cn-beijing.aliyuncs.com/705c5be173184b6581584237ac0398e3.png',164,76,NULL,'热饮',1,'8.00'),(256,'雪花啤酒','https://yjy-oss-files.oss-cn-zhangjiakou.aliyuncs.com/changqiongwaimai/2d3d232e-d95b-4fbe-bc3d-e4f1a689bf52.png',165,48,NULL,NULL,1,'4.00'),(257,'椰树牌椰汁','https://hxc-tanhua-01.oss-cn-beijing.aliyuncs.com/705c5be173184b6581584237ac0398e3.png',165,76,NULL,'热饮',1,'8.00'),(258,'北冰洋','https://yjy-oss-files.oss-cn-zhangjiakou.aliyuncs.com/changqiongwaimai/957adf16-22bf-4bd2-86ad-56d46f7fa683.png',165,47,NULL,NULL,1,'4.00'),(259,'馒头','https://yjy-oss-files.oss-cn-zhangjiakou.aliyuncs.com/changqiongwaimai/25f6823a-0762-449a-ae7b-1711292c1fce.png',166,50,NULL,NULL,1,'1.00'),(260,'金领超爱','https://yjy-oss-files.oss-cn-zhangjiakou.aliyuncs.com/changqiongwaimai/0e2a9553-f149-4e6f-9f04-8f864a11b574.png',166,NULL,1,NULL,1,'35.00'),(261,'雪花啤酒','https://yjy-oss-files.oss-cn-zhangjiakou.aliyuncs.com/changqiongwaimai/2d3d232e-d95b-4fbe-bc3d-e4f1a689bf52.png',167,48,NULL,NULL,1,'4.00'),(262,'北冰洋','https://yjy-oss-files.oss-cn-zhangjiakou.aliyuncs.com/changqiongwaimai/957adf16-22bf-4bd2-86ad-56d46f7fa683.png',167,47,NULL,NULL,1,'4.00'),(263,'王老吉','https://yjy-oss-files.oss-cn-zhangjiakou.aliyuncs.com/changqiongwaimai/84dc2906-cdb6-4148-b513-eb565501b4b9.png',167,46,NULL,NULL,1,'6.00'),(264,'雪花啤酒','https://yjy-oss-files.oss-cn-zhangjiakou.aliyuncs.com/changqiongwaimai/2d3d232e-d95b-4fbe-bc3d-e4f1a689bf52.png',168,48,NULL,NULL,1,'4.00'),(265,'北冰洋','https://yjy-oss-files.oss-cn-zhangjiakou.aliyuncs.com/changqiongwaimai/957adf16-22bf-4bd2-86ad-56d46f7fa683.png',168,47,NULL,NULL,1,'4.00'),(266,'椰树牌椰汁','https://hxc-tanhua-01.oss-cn-beijing.aliyuncs.com/705c5be173184b6581584237ac0398e3.png',169,76,NULL,'热饮',1,'8.00'),(267,'雪花啤酒','https://yjy-oss-files.oss-cn-zhangjiakou.aliyuncs.com/changqiongwaimai/2d3d232e-d95b-4fbe-bc3d-e4f1a689bf52.png',169,48,NULL,NULL,1,'4.00'),(268,'椰树牌椰汁','https://hxc-tanhua-01.oss-cn-beijing.aliyuncs.com/705c5be173184b6581584237ac0398e3.png',170,76,NULL,'热饮',1,'8.00'),(269,'馒头','https://yjy-oss-files.oss-cn-zhangjiakou.aliyuncs.com/changqiongwaimai/25f6823a-0762-449a-ae7b-1711292c1fce.png',170,50,NULL,NULL,1,'1.00'),(270,'金领超爱','https://yjy-oss-files.oss-cn-zhangjiakou.aliyuncs.com/changqiongwaimai/0e2a9553-f149-4e6f-9f04-8f864a11b574.png',170,NULL,1,NULL,1,'35.00');

/*Table structure for table `orders` */

DROP TABLE IF EXISTS `orders`;

CREATE TABLE `orders` (
  `id` bigint(20) NOT NULL AUTO_INCREMENT COMMENT '主键',
  `number` varchar(50) COLLATE utf8_bin DEFAULT NULL COMMENT '订单号',
  `status` int(11) NOT NULL DEFAULT '1' COMMENT '订单状态: 1待付款 2 用户付款成功，等待商家接单  3.商家接单，等待骑手接  4 骑手接单成功-待取货  5待送达  6已完成  7已取消  8 已退款',
  `user_id` bigint(20) NOT NULL COMMENT '下单用户',
  `address_book_id` bigint(20) NOT NULL COMMENT '地址id',
  `order_time` datetime NOT NULL COMMENT '下单时间',
  `checkout_time` datetime DEFAULT NULL COMMENT '结账时间',
  `pay_method` int(11) NOT NULL DEFAULT '1' COMMENT '支付方式 1微信,2支付宝',
  `pay_status` tinyint(4) NOT NULL DEFAULT '0' COMMENT '支付状态 0未支付 1已支付 2退款',
  `amount` decimal(10,2) NOT NULL COMMENT '实收金额',
  `remark` varchar(100) COLLATE utf8_bin DEFAULT NULL COMMENT '备注',
  `phone` varchar(11) COLLATE utf8_bin DEFAULT NULL COMMENT '手机号',
  `address` varchar(255) COLLATE utf8_bin DEFAULT NULL COMMENT '地址',
  `user_name` varchar(32) COLLATE utf8_bin DEFAULT NULL COMMENT '用户名称',
  `consignee` varchar(32) COLLATE utf8_bin DEFAULT NULL COMMENT '收货人',
  `cancel_reason` varchar(255) COLLATE utf8_bin DEFAULT NULL COMMENT '订单取消原因',
  `rejection_reason` varchar(255) COLLATE utf8_bin DEFAULT NULL COMMENT '订单拒绝原因',
  `cancel_time` datetime DEFAULT NULL COMMENT '订单取消时间',
  `estimated_delivery_time` datetime DEFAULT NULL COMMENT '预计送达时间',
  `delivery_status` tinyint(1) NOT NULL DEFAULT '1' COMMENT '配送状态  1立即送出  0选择具体时间',
  `delivery_time` datetime DEFAULT NULL COMMENT '送达时间',
  `pack_amount` int(11) DEFAULT NULL COMMENT '打包费',
  `tableware_number` int(11) DEFAULT NULL COMMENT '餐具数量',
  `tableware_status` tinyint(1) NOT NULL DEFAULT '1' COMMENT '餐具数量状态  1按餐量提供  0选择具体数量',
  `meal_time` datetime DEFAULT NULL COMMENT '出餐时间',
  `shop_id` bigint(20) DEFAULT NULL COMMENT '商铺编号',
  `delivery_fee` decimal(10,2) DEFAULT NULL COMMENT '订单对应的配送费',
  PRIMARY KEY (`id`) USING BTREE
) ENGINE=InnoDB AUTO_INCREMENT=171 DEFAULT CHARSET=utf8 COLLATE=utf8_bin ROW_FORMAT=COMPACT COMMENT='订单表';

/*Data for the table `orders` */

insert  into `orders`(`id`,`number`,`status`,`user_id`,`address_book_id`,`order_time`,`checkout_time`,`pay_method`,`pay_status`,`amount`,`remark`,`phone`,`address`,`user_name`,`consignee`,`cancel_reason`,`rejection_reason`,`cancel_time`,`estimated_delivery_time`,`delivery_status`,`delivery_time`,`pack_amount`,`tableware_number`,`tableware_status`,`meal_time`,`shop_id`,`delivery_fee`) values (92,'e634b9bdd16a445aa0bc6034a1630dc3',6,29,4,'2023-09-26 11:35:31','2023-09-26 11:35:44',1,1,'60.00','','15915434567','北京市市辖区昌平区黑马程序员大楼',NULL,'万红',NULL,NULL,NULL,'2023-09-26 12:20:00',0,'2023-09-26 11:52:49',1,0,0,'2023-09-26 11:50:31',1,'24.00'),(93,'1dbacad4b7aa47eab04fba9a46031a22',7,29,4,'2023-09-26 11:48:39','2023-09-26 11:48:55',1,2,'463.00','','15915434567','北京市市辖区昌平区黑马程序员大楼',NULL,'万红','骑手不足无法配送',NULL,'2023-09-26 14:09:14','2023-09-26 12:50:00',0,NULL,2,0,0,'2023-09-26 12:20:39',1,'24.00'),(94,'6e060edd4cd7445e8f2f993f30a49637',7,29,4,'2023-09-26 11:51:00','2023-09-26 11:51:16',1,2,'113.00','','15915434567','北京市市辖区昌平区黑马程序员大楼',NULL,'万红','菜品已销售完，暂时无法接单',NULL,'2023-09-26 17:36:20','2023-09-26 12:26:00',0,NULL,1,0,0,'2023-09-26 11:57:00',1,'24.00'),(95,'10a4a32e1f82435eae77ca04494d1013',7,29,4,'2023-09-26 12:01:09','2023-09-26 12:01:26',1,2,'29.00','','15915434567','北京市市辖区昌平区黑马程序员大楼',NULL,'万红','用户取消','菜品已销售完，暂时无法接单','2023-09-26 12:04:30','2023-09-26 12:39:00',0,NULL,1,0,0,'2023-09-26 12:09:09',1,'24.00'),(96,'8898dd0bf41b411ca0e36cf416136f9a',7,29,4,'2023-09-26 12:06:05','2023-09-26 12:06:19',1,2,'463.00','加多一点辣椒吧','15915434567','北京市市辖区昌平区黑马程序员大楼',NULL,'万红','订单量较多，暂时无法接单',NULL,'2023-09-26 17:33:33','2023-09-26 13:08:00',0,NULL,2,0,0,'2023-09-26 12:38:05',1,'24.00'),(97,'d29b289e6ca84ce8a6183a6d6510d66d',7,29,4,'2023-09-26 13:08:14','2023-09-26 13:08:29',1,2,'36.00','','15915434567','北京市市辖区昌平区黑马程序员大楼',NULL,'万红','骑手不足无法配送',NULL,'2023-09-26 15:48:28','2023-09-26 13:57:00',0,NULL,2,0,0,'2023-09-26 13:27:14',1,'24.00'),(98,'85e8ca83295b4741a99c364b6ffb51e4',7,29,4,'2023-09-26 15:49:11','2023-09-26 15:49:28',1,2,'34.00','','15915434567','北京市市辖区昌平区黑马程序员大楼',NULL,'万红','菜品已销售完，暂时无法接单',NULL,'2023-09-26 17:32:45','2023-09-26 16:37:00',0,NULL,2,0,0,'2023-09-26 16:07:12',1,'24.00'),(99,'d038c365a72643f7b4ffca21ea174cab',7,29,4,'2023-09-26 16:10:01','2023-09-26 16:10:21',1,2,'500.00','','15915434567','北京市市辖区昌平区黑马程序员大楼',NULL,'万红','菜品已销售完，暂时无法接单',NULL,'2023-09-26 17:38:40','2023-09-26 17:02:00',0,NULL,2,0,0,'2023-09-26 16:32:01',1,'24.00'),(100,'ac4f66bac61d40e4a6197de6ddc88350',7,29,4,'2023-09-26 17:42:56','2023-09-26 17:43:08',1,2,'60.00','','15915434567','北京市市辖区昌平区黑马程序员大楼',NULL,'万红','菜品已销售完，暂时无法接单',NULL,'2023-09-26 17:46:50','2023-09-26 18:24:00',0,NULL,1,0,0,'2023-09-26 17:54:56',1,'24.00'),(101,'42417a8763d4470796c0dde269c42bba',7,29,4,'2023-09-26 17:44:15','2023-09-26 17:44:26',1,2,'29.00','','15915434567','北京市市辖区昌平区黑马程序员大楼',NULL,'万红','客户电话取消',NULL,'2023-09-26 17:47:07','2023-09-26 18:24:00',0,NULL,1,0,0,'2023-09-26 17:54:16',1,'24.00'),(102,'79065bb9ceb54b7a9fcafddd178413fa',7,29,4,'2023-09-26 17:48:05','2023-09-26 17:48:16',1,2,'36.00','','15915434567','北京市市辖区昌平区黑马程序员大楼',NULL,'万红','菜品已销售完，暂时无法接单',NULL,'2023-09-26 17:50:34','2023-09-26 18:37:00',0,NULL,2,0,0,'2023-09-26 18:07:05',1,'24.00'),(103,'ae5a64f00d0840b1b664d2a1ad3734e3',7,29,4,'2023-09-26 17:49:20','2023-09-26 17:49:31',1,2,'29.00','','15915434567','北京市市辖区昌平区黑马程序员大楼',NULL,'万红','客户电话取消',NULL,'2023-09-26 18:11:50','2023-09-26 18:29:00',0,NULL,1,0,0,'2023-09-26 17:59:20',1,'24.00'),(104,'ec1cfd79fa6f4559b85aa1d36d3f3bc3',7,29,4,'2023-09-26 18:09:36','2023-09-26 18:09:47',1,2,'36.00','','15915434567','北京市市辖区昌平区黑马程序员大楼',NULL,'万红','客户电话取消',NULL,'2023-09-26 18:14:05','2023-09-26 18:58:00',0,NULL,2,0,0,'2023-09-26 18:28:36',1,'24.00'),(105,'0a25530b81a84ae88a78e80caac6b370',7,29,4,'2023-09-26 18:15:29','2023-09-26 18:15:39',1,2,'34.00','','15915434567','北京市市辖区昌平区黑马程序员大楼',NULL,'万红','骑手不足无法配送',NULL,'2023-09-26 18:16:30','2023-09-26 19:03:00',0,NULL,2,0,0,'2023-09-26 18:33:29',1,'24.00'),(106,'1fa495c4708b45a68a2bc53a6e998ffa',7,29,4,'2023-09-26 18:17:58','2023-09-26 18:18:08',1,2,'41.00','','15915434567','北京市市辖区昌平区黑马程序员大楼',NULL,'万红','客户电话取消',NULL,'2023-09-26 18:20:35','2023-09-26 19:06:00',0,NULL,3,0,0,'2023-09-26 18:36:58',1,'24.00'),(107,'82d4c3f7ae244fe88ee6dcba86f47663',7,29,4,'2023-09-26 18:19:49','2023-09-26 18:20:01',1,2,'29.00','','15915434567','北京市市辖区昌平区黑马程序员大楼',NULL,'万红','订单量较多，暂时无法接单',NULL,'2023-09-26 18:21:01','2023-09-26 18:59:00',0,NULL,1,0,0,'2023-09-26 18:29:49',1,'24.00'),(108,'47061b2ac61449c79ca22abbe8e871e7',7,29,4,'2023-09-26 18:22:15','2023-09-26 18:22:25',1,2,'52.00','','15915434567','北京市市辖区昌平区黑马程序员大楼',NULL,'万红','客户电话取消',NULL,'2023-09-26 18:23:33','2023-09-26 19:06:00',0,NULL,2,0,0,'2023-09-26 18:36:15',1,'24.00'),(109,'95b4814c9140488b87f5165287e00cb9',7,29,4,'2023-09-26 18:23:58','2023-09-26 18:24:43',1,2,'29.00','','15915434567','北京市市辖区昌平区黑马程序员大楼',NULL,'万红','骑手不足无法配送',NULL,'2023-09-26 18:27:26','2023-09-26 19:03:00',0,NULL,1,0,0,'2023-09-26 18:33:58',1,'24.00'),(110,'da250787d71641698dc8cfde8d477925',7,29,4,'2023-09-26 18:26:37','2023-09-26 18:26:47',1,2,'29.00','','15915434567','北京市市辖区昌平区黑马程序员大楼',NULL,'万红','客户电话取消',NULL,'2023-09-26 18:30:31','2023-09-26 19:06:00',0,NULL,1,0,0,'2023-09-26 18:36:37',1,'24.00'),(111,'ad8a39ecf2b048d8b810f1c929612322',7,29,4,'2023-09-26 18:28:48','2023-09-26 18:29:00',1,2,'41.00','','15915434567','北京市市辖区昌平区黑马程序员大楼',NULL,'万红','菜品已销售完，暂时无法接单',NULL,'2023-09-26 18:34:12','2023-09-26 19:25:00',0,NULL,3,0,0,'2023-09-26 18:55:49',1,'24.00'),(112,'f441db1513514f678375b71dcd2b582a',7,29,4,'2023-09-26 18:33:04','2023-09-26 18:33:19',1,2,'29.00','','15915434567','北京市市辖区昌平区黑马程序员大楼',NULL,'万红','骑手不足无法配送',NULL,'2023-09-26 18:34:52','2023-09-26 19:13:00',0,NULL,1,0,0,'2023-09-26 18:43:05',1,'24.00'),(113,'e8bf3e96de204f42ad5bee92b3f445de',7,29,4,'2023-09-26 18:35:33','2023-09-26 18:35:47',1,2,'36.00','','15915434567','北京市市辖区昌平区黑马程序员大楼',NULL,'万红','骑手不足无法配送',NULL,'2023-09-26 18:37:58','2023-09-26 19:24:00',0,NULL,2,0,0,'2023-09-26 18:54:34',1,'24.00'),(114,'8431106921dd4623bdbfa5220309f81b',7,29,4,'2023-09-26 18:38:43','2023-09-26 18:38:55',1,2,'41.00','','15915434567','北京市市辖区昌平区黑马程序员大楼',NULL,'万红','骑手不足无法配送',NULL,'2023-09-26 18:40:45','2023-09-26 19:35:00',0,NULL,3,0,0,'2023-09-26 19:05:43',1,'24.00'),(115,'57cef0dc79af42e2a5bd5f1c7e712342',7,29,4,'2023-09-26 18:42:31','2023-09-26 18:42:43',1,2,'29.00','','15915434567','北京市市辖区昌平区黑马程序员大楼',NULL,'万红','客户电话取消',NULL,'2023-09-26 18:49:35','2023-09-26 19:20:00',0,NULL,1,0,0,'2023-09-26 18:50:31',1,'24.00'),(116,'7972e521384b4efebf7dbd2d533e7de6',2,29,4,'2023-09-26 18:49:53',NULL,1,0,'29.00','','15915434567','北京市市辖区昌平区黑马程序员大楼',NULL,'万红',NULL,NULL,NULL,'2023-09-26 19:29:00',0,NULL,1,0,0,'2023-09-26 18:59:53',1,'24.00'),(117,'589101e0b8d748faa1d4aa0bea08b402',7,29,4,'2023-09-26 18:50:09','2023-09-26 18:50:25',1,2,'29.00','','15915434567','北京市市辖区昌平区黑马程序员大楼',NULL,'万红','客户电话取消',NULL,'2023-09-27 14:47:32','2023-09-26 19:30:00',0,NULL,1,0,0,'2023-09-26 19:00:09',1,'24.00'),(118,'21395d4c61e84d14965729e5fd605b32',7,2,2,'2023-09-27 10:12:30','2023-09-27 10:14:18',1,2,'62.00','','13788882222','北京市市辖区昌平区金燕龙写字楼传智教育总部',NULL,'敏敏','客户电话取消',NULL,'2023-09-27 14:54:03','2023-09-27 11:05:00',0,NULL,2,0,0,'2023-09-27 10:34:31',1,'24.00'),(119,'9a8765bc1d434df0a49ee38c5c1e90d0',7,29,4,'2023-09-27 14:55:42',NULL,1,0,'29.00','','15915434567','北京市市辖区昌平区黑马程序员大楼',NULL,'万红','用户取消',NULL,'2023-09-27 15:10:44','2023-09-27 15:33:00',0,NULL,1,0,0,'2023-09-27 15:03:42',1,'24.00'),(120,'f5518af86ce2470580a4e093c4119d11',5,29,4,'2023-09-27 15:12:11',NULL,1,1,'41.00','','15915434567','北京市市辖区昌平区黑马程序员大楼',NULL,'万红',NULL,NULL,NULL,'2023-09-27 16:09:00',0,NULL,3,0,0,'2023-09-27 15:39:12',1,'24.00'),(121,'bf54b515609b4b64923946ced4b366b3',7,29,4,'2023-09-27 15:13:46',NULL,1,2,'29.00','','15915434567','北京市市辖区昌平区黑马程序员大楼',NULL,'万红','菜品已销售完，暂时无法接单',NULL,'2023-10-10 14:24:11','2023-09-27 15:51:00',0,NULL,1,0,0,'2023-09-27 15:21:46',1,'24.00'),(122,'fcadadcf444b436f9215d8f654444be2',3,29,4,'2023-09-27 15:17:52',NULL,1,1,'39.00','','15915434567','北京市市辖区昌平区黑马程序员大楼',NULL,'万红',NULL,NULL,NULL,'2023-09-27 16:05:00',0,NULL,3,0,0,'2023-09-27 15:35:52',1,'24.00'),(123,'b445761c5a7e47609226718af19c48d5',3,29,4,'2023-09-27 18:46:15',NULL,1,1,'29.00','','15915434567','北京市市辖区昌平区黑马程序员大楼',NULL,'万红',NULL,NULL,NULL,'2023-09-27 19:24:00',0,NULL,1,0,0,'2023-09-27 18:54:15',1,'24.00'),(124,'80f7e74de5e84664bb23ca91f6d754c2',7,2,2,'2023-10-10 14:12:48',NULL,1,2,'62.00','','13788882222','北京市市辖区昌平区金燕龙写字楼传智教育总部',NULL,'敏敏','客户电话取消',NULL,'2023-10-10 14:22:52','2023-10-10 15:05:00',0,NULL,2,0,0,'2023-10-10 14:34:48',NULL,NULL),(126,'4398f826997546ebbed23fa981376e0e',2,30,6,'2023-10-26 23:10:57',NULL,1,0,'129.00','','15501521617','建材城西路9号',NULL,'黄sir',NULL,NULL,NULL,'2023-10-26 00:16:00',0,NULL,5,0,0,'2023-10-26 23:44:57',1,'24.00'),(127,'3fa857b692214af68c1d96e74eb9656a',6,30,6,'2023-10-26 23:30:13',NULL,1,0,'29.00','','15501521617','建材城西路9号',NULL,'黄sir','用户取消',NULL,'2023-10-27 00:11:21','2023-10-26 00:09:00',0,NULL,1,0,0,'2023-10-26 23:38:13',1,'24.00'),(128,'17fd8ee9b1ac4cf2ae4923a3a48f4545',2,30,6,'2023-10-26 23:32:45','2023-10-26 23:32:57',1,1,'29.00','','15501521617','建材城西路9号',NULL,'黄sir',NULL,NULL,NULL,'2023-10-26 00:13:00',0,NULL,1,0,0,'2023-10-26 23:42:45',1,'24.00'),(129,'65f95eb122c642a9927e0e68d7990678',2,30,6,'2023-10-29 18:42:39',NULL,1,0,'29.00','','15501521617','北京市市辖区昌平区建材城西路9号',NULL,'黄sir',NULL,NULL,NULL,'2023-10-29 19:23:00',0,NULL,1,0,0,'2023-10-29 18:52:39',1,'24.00'),(130,'9d88ebc9619d4daba76cd10cef138ed3',3,30,6,'2023-10-29 18:43:19','2023-10-29 18:43:47',1,1,'34.00','','15501521617','北京市市辖区昌平区建材城西路9号',NULL,'黄sir',NULL,NULL,NULL,'2023-10-29 19:32:00',0,NULL,2,0,0,'2023-10-29 19:01:19',1,'24.00'),(131,'de3c574529af4447ade80ccdeeecad0c',6,30,5,'2023-10-29 18:47:20','2023-10-29 18:47:33',1,1,'36.00','','15501521617','北京市市辖区西城区aaaaa',NULL,'huang',NULL,NULL,NULL,'2023-10-29 20:47:00',0,NULL,2,0,0,'2023-10-29 19:06:20',1,'24.00'),(132,'a1f8bf9d447c497491d01c8e2151d242',3,30,6,'2023-10-29 18:50:02','2023-10-29 18:50:13',1,1,'34.00','','15501521617','北京市市辖区昌平区建材城西路9号',NULL,'黄sir',NULL,NULL,NULL,'2023-10-29 19:39:00',0,NULL,2,0,0,'2023-10-29 19:08:02',1,'24.00'),(133,'7481a7d31a434792b4547e1d4985ed45',3,30,6,'2023-10-29 18:55:39','2023-10-29 18:55:53',1,1,'34.00','','15501521617','北京市市辖区昌平区建材城西路9号',NULL,'黄sir',NULL,NULL,NULL,'2023-10-29 19:44:00',0,NULL,2,0,0,'2023-10-29 19:13:39',1,'24.00'),(134,'9efa2b8a08bb4669b53ffcb3994d3cf2',6,30,6,'2023-10-29 18:58:55','2023-10-29 18:59:12',1,1,'34.00','','15501521617','北京市市辖区昌平区建材城西路9号',NULL,'黄sir',NULL,NULL,NULL,'2023-10-29 19:48:00',0,NULL,2,0,0,'2023-10-29 19:16:55',1,'24.00'),(135,'f35f4a6bdefa4d3da721947855d7dbb8',2,30,6,'2023-10-29 19:00:21','2023-10-29 19:00:33',1,1,'62.00','','15501521617','北京市市辖区昌平区建材城西路9号',NULL,'黄sir',NULL,NULL,NULL,'2023-10-29 19:53:00',0,NULL,2,0,0,'2023-10-29 19:22:21',1,'24.00'),(136,'184d7ffcc13247458e570af159a17964',2,30,6,'2023-11-05 17:07:54','2023-11-05 17:08:16',1,1,'62.00','','15501521617','北京市市辖区昌平区建材城西路9号',NULL,'黄sir',NULL,NULL,NULL,'2023-11-05 18:01:00',0,NULL,2,0,0,'2023-11-05 17:29:54',1,'24.00'),(137,'79f0da129dc640bca1c5de5e181ef741',7,30,6,'2023-11-05 18:27:45','2023-11-05 18:28:22',1,1,'202.00','','15501521617','北京市市辖区昌平区建材城西路9号',NULL,'黄sir','客户电话取消',NULL,'2023-11-30 22:35:42','2023-11-05 19:13:00',0,NULL,2,0,0,'2023-11-05 18:42:45',1,'24.00'),(138,'e8bd52a7d77140988ed2b56d51aacfaf',3,30,6,'2023-11-06 09:43:57','2023-11-06 09:44:18',1,1,'427.00','','15501521617','北京市市辖区昌平区建材城西路9号',NULL,'黄sir',NULL,NULL,NULL,'2023-11-06 10:35:00',0,NULL,1,0,0,'2023-11-06 10:03:57',1,'24.00'),(140,'1e3f165e8887402ca90da4f5a45aa362',5,30,6,'2023-11-10 21:50:50','2023-11-10 21:51:45',1,1,'67.00','','15501521617','北京市市辖区昌平区建材城西路9号',NULL,'黄sir',NULL,NULL,NULL,'2023-11-10 22:52:00',0,NULL,3,0,0,'2023-11-10 22:20:50',1,'24.00'),(141,'3488bffe60fc4e5bbb9b06e2605f54c4',2,30,6,'2023-11-14 17:13:06',NULL,1,0,'123.00','','15501521617','北京市市辖区昌平区建材城西路9号',NULL,'黄sir',NULL,NULL,NULL,'2023-11-14 17:32:00',0,NULL,2,0,0,'2023-11-14 17:19:06',1,'24.00'),(142,'f1f37da34b224421a606b569f7c85d30',5,30,6,'2023-11-14 19:10:26','2023-11-14 19:11:23',1,1,'840.00','','15501521617','北京市市辖区昌平区建材城西路9号',NULL,'黄sir',NULL,NULL,NULL,'2023-11-14 20:19:00',0,NULL,4,0,0,'2023-11-14 19:48:26',1,'24.00'),(143,'9abe9d9458b84dbca5d0e804a758221b',2,30,6,'2023-11-23 12:34:19','2023-11-23 12:34:46',1,1,'29.00','','15501521617','北京市市辖区昌平区建材城西路9号',NULL,'黄sir',NULL,NULL,NULL,'2023-11-23 13:13:00',0,NULL,1,0,0,'2023-11-23 12:42:19',1,'24.00'),(144,'97484daaae0d4e40b34341b0ee147393',2,30,6,'2023-11-28 00:51:23',NULL,1,0,'81.00','','15501521617','北京市市辖区昌平区建材城西路9号',NULL,NULL,NULL,NULL,NULL,'2023-11-28 01:49:00',0,NULL,5,0,0,'2023-11-28 01:18:23',1,'24.00'),(145,'33ddf7a17ba741eb86a73869b02eecf2',2,30,6,'2023-11-28 01:42:18',NULL,1,0,'81.00','','15501521617','北京市市辖区昌平区建材城西路9号',NULL,'黄sir',NULL,NULL,NULL,'2023-11-28 02:40:00',0,NULL,5,0,0,'2023-11-28 02:09:18',1,'24.00'),(146,'0c42909d215c42149ef7f8c62ed92110',2,30,6,'2023-11-28 01:45:58','2023-11-28 01:46:16',1,1,'81.00','','15501521617','北京市市辖区昌平区建材城西路9号',NULL,'黄sir',NULL,NULL,NULL,'2023-11-28 02:44:00',0,NULL,5,0,0,'2023-11-28 02:12:58',1,'24.00'),(147,'4175daa3ffe949299a18f160300adca6',2,30,6,'2023-11-28 01:48:50',NULL,1,0,'81.00','','15501521617','北京市市辖区昌平区建材城西路9号',NULL,'黄sir',NULL,NULL,NULL,'2023-11-28 02:45:00',0,NULL,5,0,0,'2023-11-28 02:15:50',1,'24.00'),(148,'756532f325964e2c81df9881b7552dea',2,30,6,'2023-11-28 02:11:12','2023-11-28 02:15:33',1,1,'81.00','','15501521617','北京市市辖区昌平区建材城西路9号',NULL,'黄sir',NULL,NULL,NULL,'2023-11-28 03:09:00',0,NULL,5,0,0,'2023-11-28 02:38:12',1,'24.00'),(149,'d36e816995ef4d6d8107de7a1cca7a5b',2,30,6,'2023-11-28 02:15:15','2023-11-28 02:15:28',1,1,'81.00','','15501521617','北京市市辖区昌平区建材城西路9号',NULL,'黄sir',NULL,NULL,NULL,'2023-11-28 03:13:00',0,NULL,5,0,0,'2023-11-28 02:42:15',1,'24.00'),(150,'7e40516e76eb4846874e8f5bf6814b3c',3,30,6,'2023-11-28 02:19:13','2023-11-28 02:35:33',1,1,'81.00','','15501521617','北京市市辖区昌平区建材城西路9号',NULL,'黄sir',NULL,NULL,NULL,'2023-11-28 03:17:00',0,NULL,5,0,0,'2023-11-28 02:46:13',1,'24.00'),(152,'45e18f24488146a78cc95701c46b34e2',2,30,6,'2023-11-28 09:48:13',NULL,1,0,'81.00','','15501521617','北京市市辖区昌平区建材城西路9号',NULL,'黄sir',NULL,NULL,NULL,'2023-11-28 10:46:00',0,NULL,5,0,0,'2023-11-28 10:15:13',1,'24.00'),(153,'8f08ba08709d4b7cb33fd63b394740ca',2,30,6,'2023-11-28 17:45:44','2023-11-28 18:00:21',1,1,'33.00','','15501521617','北京市市辖区昌平区建材城西路9号',NULL,'黄sir',NULL,NULL,NULL,'2023-11-28 18:16:00',0,NULL,1,0,0,'2023-11-28 17:45:44',1,'24.00'),(154,'a92a68ac14884257a5adebe9bda0f5a8',2,30,6,'2023-11-28 17:56:03','2023-11-28 17:56:18',1,1,'33.00','','15501521617','北京市市辖区昌平区建材城西路9号',NULL,'黄sir',NULL,NULL,NULL,'2023-11-28 18:27:00',0,NULL,1,0,0,'2023-11-28 17:56:03',1,'24.00'),(155,'7b1213f5e8304b9a899e63be4e00324f',2,30,6,'2023-11-28 18:03:20','2023-11-28 18:06:23',1,1,'33.00','','15501521617','北京市市辖区昌平区建材城西路9号',NULL,'黄sir',NULL,NULL,NULL,'2023-11-28 18:34:00',0,NULL,1,0,0,'2023-11-28 18:03:20',1,'24.00'),(156,'7e775e9349f4409e80d659e9b7c33a29',2,30,6,'2023-11-29 09:11:03',NULL,1,0,'33.00','','15501521617','北京市市辖区昌平区建材城西路9号',NULL,'黄sir',NULL,NULL,NULL,'2023-11-29 09:42:00',0,NULL,1,0,0,'2023-11-29 09:11:03',1,'24.00'),(157,'7329106819ac47e3b58921558b28cdf8',7,30,6,'2023-11-29 10:02:50',NULL,1,0,'33.00','','15501521617','北京市市辖区昌平区建材城西路9号',NULL,'黄sir',NULL,NULL,NULL,'2023-11-29 10:55:00',0,NULL,1,0,0,'2023-11-29 10:23:50',1,'24.00'),(158,'ca62787f85c445eea230d417fbd6b882',6,30,6,'2023-11-29 10:58:24','2023-11-29 10:58:46',1,1,'33.00','','15501521617','北京市市辖区昌平区建材城西路9号',NULL,'黄sir',NULL,NULL,NULL,'2023-11-29 11:29:00',0,NULL,1,0,0,'2023-11-29 10:58:24',1,'24.00'),(159,'48494d438fc54434ae0180906f443fd8',6,30,6,'2023-11-29 11:00:27','2023-11-29 12:04:42',1,1,'33.00','','15501521617','北京市市辖区昌平区建材城西路9号',NULL,'黄sir',NULL,NULL,NULL,'2023-11-29 11:31:00',0,NULL,1,0,0,'2023-11-29 11:00:27',1,'24.00'),(160,'9d94a2cd99b3499c80d604bdaab77deb',3,30,6,'2023-11-29 11:50:08','2023-11-29 11:54:34',1,1,'33.00','','15501521617','北京市市辖区昌平区建材城西路9号',NULL,'黄sir',NULL,NULL,NULL,'2023-11-29 12:21:00',0,NULL,1,0,0,'2023-11-29 11:50:08',1,'24.00'),(161,'0eac7235a1574ea2a255c3fbaddce69e',6,30,6,'2023-11-29 11:52:12','2023-11-29 11:56:27',1,1,'33.00','','15501521617','北京市市辖区昌平区建材城西路9号',NULL,'黄sir',NULL,NULL,NULL,'2023-11-29 12:23:00',0,NULL,1,0,0,'2023-11-29 11:52:12',1,'24.00'),(162,'428b47e66e194554838e0bb1d4fde8a4',6,30,6,'2023-11-29 11:54:14','2023-11-29 11:54:41',1,1,'33.00','','15501521617','北京市市辖区昌平区建材城西路9号',NULL,'黄sir',NULL,NULL,NULL,'2023-11-29 12:25:00',0,NULL,1,0,0,'2023-11-29 11:54:15',1,'24.00'),(163,'af6230ef0e2e4256ae320ea881132a98',6,30,6,'2023-11-29 17:29:18',NULL,1,0,'33.00','','15501521617','北京市市辖区昌平区建材城西路9号',NULL,'黄sir',NULL,NULL,NULL,'2023-11-29 18:00:00',0,NULL,1,0,0,'2023-11-29 17:29:18',1,'24.00'),(164,'4670a1633fb142fbb315c01cd18f3427',6,30,6,'2023-11-30 22:25:50','2023-11-30 22:26:22',1,1,'38.00','','15501521617','北京市市辖区昌平区建材城西路9号',NULL,'黄sir','订单量较多，暂时无法接单',NULL,'2023-11-30 22:26:46','2023-11-30 23:05:00',0,NULL,2,0,0,'2023-11-30 22:33:50',1,'24.00'),(165,'6c70c05c90944bc3909ebd732febe2bf',6,30,6,'2023-11-30 22:35:07','2023-11-30 22:35:21',1,1,'43.00','','15501521617','北京市市辖区昌平区建材城西路9号',NULL,'黄sir',NULL,NULL,NULL,'2023-11-30 23:24:00',0,NULL,3,0,0,'2023-11-30 22:53:07',1,'24.00'),(166,'00dafb389933497eb84ed332ed4ed49a',6,30,6,'2023-11-30 22:42:04','2023-11-30 22:42:17',1,1,'62.00','','15501521617','北京市市辖区昌平区建材城西路9号',NULL,'黄sir','菜品已销售完，暂时无法接单',NULL,'2023-11-30 22:43:32','2023-11-30 23:35:00',0,NULL,2,0,0,'2023-11-30 23:04:04',1,'24.00'),(167,'7749220adc4548e1a425bf365515b9e1',7,30,6,'2023-12-01 17:10:34','2023-12-01 17:11:07',1,1,'41.00','','15501521617','北京市市辖区昌平区建材城西路9号',NULL,'黄sir','订单量较多，暂时无法接单',NULL,'2023-12-01 17:14:39','2023-12-01 18:08:00',0,NULL,3,0,0,'2023-12-01 17:37:34',1,'24.00'),(168,'e9f44731fb464d5e944327f6e9d019a5',7,30,6,'2023-12-01 17:19:48','2023-12-01 17:20:03',1,1,'34.00','','15501521617','北京市市辖区昌平区建材城西路9号',NULL,'黄sir','骑手不足无法配送',NULL,'2023-12-01 17:20:20','2023-12-01 18:09:00',0,NULL,2,0,0,'2023-12-01 17:37:48',1,'24.00'),(170,'363fa7f1f5264691ba3788ff6e9e0a22',6,30,6,'2023-12-04 15:59:51','2023-12-04 16:00:07',1,1,'71.00','','15501521617','北京市市辖区昌平区建材城西路9号',NULL,'黄sir',NULL,NULL,NULL,'2023-12-04 16:53:00',0,'2023-12-05 15:52:45',3,0,0,'2023-12-04 16:21:51',1,'24.00');

/*Table structure for table `setmeal` */

DROP TABLE IF EXISTS `setmeal`;

CREATE TABLE `setmeal` (
  `id` bigint(20) NOT NULL AUTO_INCREMENT COMMENT '主键',
  `category_id` bigint(20) NOT NULL COMMENT '菜品分类id',
  `name` varchar(32) COLLATE utf8_bin NOT NULL COMMENT '套餐名称',
  `price` decimal(10,2) NOT NULL COMMENT '套餐价格',
  `status` int(11) DEFAULT '1' COMMENT '售卖状态 0:停售 1:起售',
  `description` varchar(255) COLLATE utf8_bin DEFAULT NULL COMMENT '描述信息',
  `image` varchar(255) COLLATE utf8_bin DEFAULT NULL COMMENT '图片',
  `create_time` datetime DEFAULT NULL COMMENT '创建时间',
  `update_time` datetime DEFAULT NULL COMMENT '更新时间',
  `create_user` bigint(20) DEFAULT NULL COMMENT '创建人',
  `update_user` bigint(20) DEFAULT NULL COMMENT '修改人',
  `make_time` int(11) DEFAULT NULL COMMENT '套餐制作时间 单位 分钟',
  PRIMARY KEY (`id`) USING BTREE,
  UNIQUE KEY `idx_setmeal_name` (`name`) USING BTREE
) ENGINE=InnoDB AUTO_INCREMENT=4 DEFAULT CHARSET=utf8 COLLATE=utf8_bin ROW_FORMAT=COMPACT COMMENT='套餐';

/*Data for the table `setmeal` */

insert  into `setmeal`(`id`,`category_id`,`name`,`price`,`status`,`description`,`image`,`create_time`,`update_time`,`create_user`,`update_user`,`make_time`) values (1,13,'金领超爱','35.00',1,'很好吃','https://yjy-oss-files.oss-cn-zhangjiakou.aliyuncs.com/changqiongwaimai/0e2a9553-f149-4e6f-9f04-8f864a11b574.png','2023-07-15 09:44:09','2023-07-15 09:44:44',1,1,15),(2,14,'白领超赞','402.00',1,'性价比很高','https://yjy-oss-files.oss-cn-zhangjiakou.aliyuncs.com/changqiongwaimai/e24f366c-ab53-42f0-952a-0999c951ae3e.png','2023-07-15 11:05:05','2023-07-19 13:23:09',1,1,20),(3,14,'蓝领特爱','35.00',1,'很好','https://yjy-oss-files.oss-cn-zhangjiakou.aliyuncs.com/changqiongwaimai/bc9ac3a6-a4eb-4e09-967a-6cf7dce1b9a3.png','2023-07-15 11:05:42','2023-07-19 11:45:36',1,1,12);

/*Table structure for table `setmeal_dish` */

DROP TABLE IF EXISTS `setmeal_dish`;

CREATE TABLE `setmeal_dish` (
  `id` bigint(20) NOT NULL AUTO_INCREMENT COMMENT '主键',
  `setmeal_id` bigint(20) DEFAULT NULL COMMENT '套餐id',
  `dish_id` bigint(20) DEFAULT NULL COMMENT '菜品id',
  `name` varchar(32) COLLATE utf8_bin DEFAULT NULL COMMENT '菜品名称 （冗余字段）',
  `price` decimal(10,2) DEFAULT NULL COMMENT '菜品单价（冗余字段）',
  `copies` int(11) DEFAULT NULL COMMENT '菜品份数',
  PRIMARY KEY (`id`) USING BTREE
) ENGINE=InnoDB AUTO_INCREMENT=13 DEFAULT CHARSET=utf8 COLLATE=utf8_bin ROW_FORMAT=COMPACT COMMENT='套餐菜品关系';

/*Data for the table `setmeal_dish` */

insert  into `setmeal_dish`(`id`,`setmeal_id`,`dish_id`,`name`,`price`,`copies`) values (1,1,49,'米饭','2.00',1),(2,1,56,'清炒西兰花','18.00',1),(3,1,63,'香锅牛蛙','88.00',1),(4,3,62,'金汤酸菜牛蛙','88.00',1),(5,3,63,'香锅牛蛙','88.00',1),(6,3,52,'经典酸菜鮰鱼','66.00',1),(7,3,51,'老坛酸菜鱼','56.00',1),(8,3,48,'雪花啤酒','4.00',1),(9,3,60,'梅菜扣肉','58.00',1),(10,2,53,'蜀味水煮草鱼','38.00',1),(11,2,62,'金汤酸菜牛蛙','88.00',1),(12,2,63,'香锅牛蛙','88.00',1);

/*Table structure for table `shopping_cart` */

DROP TABLE IF EXISTS `shopping_cart`;

CREATE TABLE `shopping_cart` (
  `id` bigint(20) NOT NULL AUTO_INCREMENT COMMENT '主键',
  `name` varchar(32) COLLATE utf8_bin DEFAULT NULL COMMENT '商品名称',
  `image` varchar(255) COLLATE utf8_bin DEFAULT NULL COMMENT '图片',
  `user_id` bigint(20) NOT NULL COMMENT '主键',
  `dish_id` bigint(20) DEFAULT NULL COMMENT '菜品id',
  `setmeal_id` bigint(20) DEFAULT NULL COMMENT '套餐id',
  `dish_flavor` varchar(50) COLLATE utf8_bin DEFAULT NULL COMMENT '口味',
  `number` int(11) NOT NULL DEFAULT '1' COMMENT '数量',
  `amount` decimal(10,2) NOT NULL COMMENT '金额',
  `create_time` datetime DEFAULT NULL COMMENT '创建时间',
  PRIMARY KEY (`id`) USING BTREE
) ENGINE=InnoDB DEFAULT CHARSET=utf8 COLLATE=utf8_bin ROW_FORMAT=COMPACT COMMENT='购物车';

/*Data for the table `shopping_cart` */

/*Table structure for table `tb_courier` */

DROP TABLE IF EXISTS `tb_courier`;

CREATE TABLE `tb_courier` (
  `id` bigint(20) NOT NULL AUTO_INCREMENT COMMENT '骑手编号',
  `name` varchar(255) COLLATE utf8mb4_bin DEFAULT NULL COMMENT '骑手姓名',
  `telephone` varchar(255) COLLATE utf8mb4_bin DEFAULT NULL COMMENT '骑手电话',
  `workset_location` varchar(255) COLLATE utf8mb4_bin DEFAULT NULL COMMENT '骑手所在站点名称',
  `cur_location` varchar(255) COLLATE utf8mb4_bin DEFAULT NULL COMMENT ' 快递员当前所在的位置  经纬度',
  `on_job` int(11) DEFAULT NULL COMMENT ' 快递员 是否在职   0  休息  1  上班',
  `score` double(4,2) DEFAULT NULL COMMENT '骑手评分',
  `total_order_quantity` int(11) DEFAULT NULL COMMENT '骑手总结单量',
  `is_conform` int(11) DEFAULT NULL COMMENT '符合条件的快递员  0  不符合  1 符合',
  `rider_account` decimal(8,2) DEFAULT NULL COMMENT '骑手账户金额',
  PRIMARY KEY (`id`) USING BTREE
) ENGINE=InnoDB AUTO_INCREMENT=9 DEFAULT CHARSET=utf8mb4 COLLATE=utf8mb4_bin ROW_FORMAT=COMPACT;

/*Data for the table `tb_courier` */

insert  into `tb_courier`(`id`,`name`,`telephone`,`workset_location`,`cur_location`,`on_job`,`score`,`total_order_quantity`,`is_conform`,`rider_account`) values (1,'刘德花','13899991110','北京昌平区回龙观一号站','116.307080,40.055798',0,4.67,0,0,'0.00'),(2,'张学由','13899991111','北京昌平区回龙观一号站','116.316688,40.057338',0,4.00,0,0,'0.00'),(3,'李明','13899991112','北京昌平区回龙观一号站','116.313772,40.053699',0,3.95,0,0,'0.00'),(4,'国服成','13899991113','北京昌平区回龙观一号站','116.311184,40.051204',0,3.80,0,0,'0.00'),(5,'李清照','13899991114','北京昌平区回龙观一号站','116.309331,40.052172',1,4.70,0,0,'0.00'),(6,'张果','13899991115','北京昌平区回龙观一号站','116.310937,40.050827',1,3.40,0,0,'0.00'),(7,'刘敏','13899991116','北京昌平区回龙观一号站','116.314077,40.056256',1,4.40,0,0,'0.00'),(8,'小智','13899991117','北京昌平区回龙观一号站','116.316486,40.056098',1,4.90,0,0,'9.00');

/*Table structure for table `tb_courier_trade_order` */

DROP TABLE IF EXISTS `tb_courier_trade_order`;

CREATE TABLE `tb_courier_trade_order` (
  `trade_no` bigint(20) NOT NULL AUTO_INCREMENT COMMENT '运单编号',
  `total_amount` double DEFAULT NULL COMMENT '运单金额',
  `courier_id` bigint(20) DEFAULT NULL COMMENT '骑手编号',
  `order_number` varchar(255) COLLATE utf8mb4_bin DEFAULT NULL COMMENT '运单对应的订单号',
  `waybill_status` int(11) DEFAULT NULL COMMENT '运单状态：0 商家未接单，未派送，运单未生成\r\n1 调度成功，骑手未接单\r\n2 骑手接单，待取货状态\r\n3 待送达 骑手到商家取完货，运单属于待送达状态\r\n4 已送达 运单完成\r\n5 运单取消：顾客申请取消订单',
  `trade_create_time` datetime DEFAULT NULL COMMENT '运单创建时间',
  `trade_complete_time` datetime DEFAULT NULL COMMENT '运单完成时间',
  `trade_cancel_time` datetime DEFAULT NULL COMMENT '运单取消时间',
  `over_time` datetime DEFAULT NULL COMMENT '运单超时时间',
  `shop_address` varchar(255) COLLATE utf8mb4_bin DEFAULT NULL COMMENT '商家地址',
  `remark` varchar(255) COLLATE utf8mb4_bin DEFAULT NULL COMMENT '运单备注',
  `customer_address` varchar(255) COLLATE utf8mb4_bin DEFAULT NULL COMMENT '客户地址',
  `customer_expected_delivery_time` datetime DEFAULT NULL COMMENT '预计送达时间',
  `customer_name` varchar(50) COLLATE utf8mb4_bin DEFAULT NULL COMMENT '客户名称',
  `shop_name` varchar(50) COLLATE utf8mb4_bin DEFAULT NULL COMMENT '店铺名称',
  `to_be_meal_time` datetime DEFAULT NULL COMMENT '商家出餐时间',
  `telephone` varchar(50) COLLATE utf8mb4_bin DEFAULT NULL COMMENT '客户手机号',
  `income` double DEFAULT '0' COMMENT '外卖员提成',
  PRIMARY KEY (`trade_no`) USING BTREE
) ENGINE=InnoDB AUTO_INCREMENT=122 DEFAULT CHARSET=utf8mb4 COLLATE=utf8mb4_bin ROW_FORMAT=COMPACT;

/*Data for the table `tb_courier_trade_order` */

insert  into `tb_courier_trade_order`(`trade_no`,`total_amount`,`courier_id`,`order_number`,`waybill_status`,`trade_create_time`,`trade_complete_time`,`trade_cancel_time`,`over_time`,`shop_address`,`remark`,`customer_address`,`customer_expected_delivery_time`,`customer_name`,`shop_name`,`to_be_meal_time`,`telephone`,`income`) values (6,60,5,'e634b9bdd16a445aa0bc6034a1630dc3',2,'2023-12-04 14:28:29','2023-12-04 15:23:00',NULL,NULL,'北京市海淀区清河街道领秀新硅谷A区','','北京市市辖区昌平区建材城西路9号','2023-11-05 17:45:00','黄sir','大力水手1号店(海淀店)','2023-11-05 15:20:00','15501521617',0),(7,463,5,'1dbacad4b7aa47eab04fba9a46031a22',1,'2023-12-04 14:28:29','2023-12-04 15:23:00',NULL,NULL,'北京市海淀区清河街道领秀新硅谷A区','','北京市市辖区昌平区建材城西路9号','2023-11-05 17:45:00','黄sir','大力水手1号店(海淀店)','2023-11-05 15:20:00','15501521617',0),(8,113,5,'6e060edd4cd7445e8f2f993f30a49637',1,'2023-12-04 14:28:29','2023-12-04 15:23:00',NULL,NULL,'北京市海淀区清河街道领秀新硅谷A区','','北京市市辖区昌平区建材城西路9号','2023-11-05 17:45:00','黄sir','大力水手1号店(海淀店)','2023-11-05 15:20:00','15501521617',0),(9,463,5,'8898dd0bf41b411ca0e36cf416136f9a',1,'2023-12-04 14:28:29','2023-12-04 15:23:00',NULL,NULL,'北京市海淀区清河街道领秀新硅谷A区','加多一点辣椒吧','北京市市辖区昌平区建材城西路9号','2023-11-05 17:45:00','黄sir','大力水手1号店(海淀店)','2023-11-05 15:20:00','15501521617',0),(10,36,5,'d29b289e6ca84ce8a6183a6d6510d66d',1,'2023-12-04 14:28:29','2023-12-04 15:23:00',NULL,NULL,'北京市海淀区清河街道领秀新硅谷A区','','北京市市辖区昌平区建材城西路9号','2023-11-05 17:45:00','黄sir','大力水手1号店(海淀店)','2023-11-05 15:20:00','15501521617',0),(11,29,5,'10a4a32e1f82435eae77ca04494d1013',1,'2023-12-04 14:28:29','2023-12-04 15:23:00','2023-09-26 12:04:30',NULL,'北京市海淀区清河街道领秀新硅谷A区',NULL,'北京市市辖区昌平区建材城西路9号','2023-11-05 17:45:00','黄sir','大力水手1号店(海淀店)','2023-11-05 15:20:00','15501521617',0),(12,34,5,'85e8ca83295b4741a99c364b6ffb51e4',1,'2023-12-04 14:28:29','2023-12-04 15:23:00',NULL,NULL,'北京市海淀区清河街道领秀新硅谷A区','','北京市市辖区昌平区建材城西路9号','2023-11-05 17:45:00','黄sir','大力水手1号店(海淀店)','2023-11-05 15:20:00','15501521617',0),(13,500,5,'d038c365a72643f7b4ffca21ea174cab',1,'2023-12-04 14:28:29','2023-12-04 15:23:00',NULL,NULL,'北京市海淀区清河街道领秀新硅谷A区','','北京市市辖区昌平区建材城西路9号','2023-11-05 17:45:00','黄sir','大力水手1号店(海淀店)','2023-11-05 15:20:00','15501521617',0),(14,60,5,'ac4f66bac61d40e4a6197de6ddc88350',1,'2023-12-04 14:28:29','2023-12-04 15:23:00',NULL,NULL,'北京市海淀区清河街道领秀新硅谷A区','','北京市市辖区昌平区建材城西路9号','2023-11-05 17:45:00','黄sir','大力水手1号店(海淀店)','2023-11-05 15:20:00','15501521617',0),(15,29,5,'42417a8763d4470796c0dde269c42bba',1,'2023-12-04 14:28:29','2023-12-04 15:23:00',NULL,NULL,'北京市海淀区清河街道领秀新硅谷A区','','北京市市辖区昌平区建材城西路9号','2023-11-05 17:45:00','黄sir','大力水手1号店(海淀店)','2023-11-05 15:20:00','15501521617',0),(16,36,5,'79065bb9ceb54b7a9fcafddd178413fa',1,'2023-12-04 14:28:29','2023-12-04 15:23:00',NULL,NULL,'北京市海淀区清河街道领秀新硅谷A区','','北京市市辖区昌平区建材城西路9号','2023-11-05 17:45:00','黄sir','大力水手1号店(海淀店)','2023-11-05 15:20:00','15501521617',0),(17,29,6,'ae5a64f00d0840b1b664d2a1ad3734e3',1,'2023-12-04 14:28:29','2023-12-04 15:23:00',NULL,NULL,'北京市海淀区清河街道领秀新硅谷A区','','北京市市辖区昌平区建材城西路9号','2023-11-05 17:45:00','黄sir','大力水手1号店(海淀店)','2023-11-05 15:20:00','15501521617',0),(18,36,6,'ec1cfd79fa6f4559b85aa1d36d3f3bc3',1,'2023-12-04 14:28:29','2023-12-04 15:23:00',NULL,NULL,'北京市海淀区清河街道领秀新硅谷A区','','北京市市辖区昌平区建材城西路9号','2023-11-05 17:45:00','黄sir','大力水手1号店(海淀店)','2023-11-05 15:20:00','15501521617',0),(19,34,6,'0a25530b81a84ae88a78e80caac6b370',1,'2023-12-04 14:28:29','2023-12-04 15:23:00',NULL,NULL,'北京市海淀区清河街道领秀新硅谷A区','','北京市市辖区昌平区建材城西路9号','2023-11-05 17:45:00','黄sir','大力水手1号店(海淀店)','2023-11-05 15:20:00','15501521617',0),(20,41,6,'1fa495c4708b45a68a2bc53a6e998ffa',1,'2023-12-04 14:28:29','2023-12-04 15:23:00',NULL,NULL,'北京市海淀区清河街道领秀新硅谷A区','','北京市市辖区昌平区建材城西路9号','2023-11-05 17:45:00','黄sir','大力水手1号店(海淀店)','2023-11-05 15:20:00','15501521617',0),(21,29,6,'82d4c3f7ae244fe88ee6dcba86f47663',1,'2023-12-04 14:28:29','2023-12-04 15:23:00',NULL,NULL,'北京市海淀区清河街道领秀新硅谷A区','','北京市市辖区昌平区建材城西路9号','2023-11-05 17:45:00','黄sir','大力水手1号店(海淀店)','2023-11-05 15:20:00','15501521617',0),(22,52,6,'47061b2ac61449c79ca22abbe8e871e7',1,'2023-12-04 14:28:29','2023-12-04 15:23:00',NULL,NULL,'北京市海淀区清河街道领秀新硅谷A区','','北京市市辖区昌平区建材城西路9号','2023-11-05 17:45:00','黄sir','大力水手1号店(海淀店)','2023-11-05 15:20:00','15501521617',0),(23,29,6,'95b4814c9140488b87f5165287e00cb9',1,'2023-12-04 14:28:29','2023-12-04 15:23:00',NULL,NULL,'北京市海淀区清河街道领秀新硅谷A区','','北京市市辖区昌平区建材城西路9号','2023-11-05 17:45:00','黄sir','大力水手1号店(海淀店)','2023-11-05 15:20:00','15501521617',0),(24,29,6,'da250787d71641698dc8cfde8d477925',1,'2023-12-04 14:28:29','2023-12-04 15:23:00',NULL,NULL,'北京市海淀区清河街道领秀新硅谷A区','','北京市市辖区昌平区建材城西路9号','2023-11-05 17:45:00','黄sir','大力水手1号店(海淀店)','2023-11-05 15:20:00','15501521617',0),(25,41,6,'ad8a39ecf2b048d8b810f1c929612322',1,'2023-12-04 14:28:29','2023-12-04 15:23:00',NULL,NULL,'北京市海淀区清河街道领秀新硅谷A区','','北京市市辖区昌平区建材城西路9号','2023-11-05 17:45:00','黄sir','大力水手1号店(海淀店)','2023-11-05 15:20:00','15501521617',0),(26,29,6,'f441db1513514f678375b71dcd2b582a',1,'2023-12-04 14:28:29','2023-12-04 15:23:00',NULL,NULL,'北京市海淀区清河街道领秀新硅谷A区','','北京市市辖区昌平区建材城西路9号','2023-11-05 17:45:00','黄sir','大力水手1号店(海淀店)','2023-11-05 15:20:00','15501521617',0),(27,36,6,'e8bf3e96de204f42ad5bee92b3f445de',1,'2023-12-04 14:28:29','2023-12-04 15:23:00',NULL,NULL,'北京市海淀区清河街道领秀新硅谷A区','','北京市市辖区昌平区建材城西路9号','2023-11-05 17:45:00','黄sir','大力水手1号店(海淀店)','2023-11-05 15:20:00','15501521617',0),(28,41,6,'8431106921dd4623bdbfa5220309f81b',1,'2023-12-04 14:28:29','2023-12-04 15:23:00',NULL,NULL,'北京市海淀区清河街道领秀新硅谷A区','','北京市市辖区昌平区建材城西路9号','2023-11-05 17:45:00','黄sir','大力水手1号店(海淀店)','2023-11-05 15:20:00','15501521617',0),(29,29,8,'57cef0dc79af42e2a5bd5f1c7e712342',4,'2023-12-04 14:28:29','2023-12-04 15:23:00',NULL,NULL,'北京市海淀区清河街道领秀新硅谷A区','','北京市市辖区昌平区建材城西路9号','2023-12-04 15:38:00','黄sir','大力水手1号店(海淀店)','2023-11-05 15:20:00','15501521617',0),(30,29,8,'589101e0b8d748faa1d4aa0bea08b402',4,'2023-12-04 14:28:29','2023-12-04 15:23:00',NULL,NULL,'北京市海淀区清河街道领秀新硅谷A区','','北京市市辖区昌平区建材城西路9号','2023-12-04 15:38:00','黄sir','大力水手1号店(海淀店)','2023-11-05 15:20:00','15501521617',0),(31,62,8,'21395d4c61e84d14965729e5fd605b32',4,'2023-12-04 14:28:29','2023-12-04 15:23:00','2023-09-27 14:54:03',NULL,'北京市海淀区清河街道领秀新硅谷A区','','北京市市辖区昌平区建材城西路9号','2023-12-04 15:38:00','黄sir','大力水手1号店(海淀店)','2023-11-05 15:20:00','15501521617',0),(36,41,7,'f5518af86ce2470580a4e093c4119d11',1,'2023-12-04 14:28:29','2023-12-04 15:23:00',NULL,NULL,'北京市海淀区清河街道领秀新硅谷A区','','北京市市辖区昌平区建材城西路9号','2023-11-05 17:45:00','黄sir','大力水手1号店(海淀店)','2023-11-05 15:20:00','15501521617',0),(37,29,8,'bf54b515609b4b64923946ced4b366b3',4,'2023-12-04 14:28:29','2023-12-04 15:23:00','2023-10-10 14:24:11',NULL,'北京市海淀区清河街道领秀新硅谷A区','','北京市市辖区昌平区建材城西路9号','2023-12-04 15:38:00','黄sir','大力水手1号店(海淀店)','2023-11-05 15:20:00','15501521617',0),(38,39,8,'fcadadcf444b436f9215d8f654444be2',4,'2023-12-04 14:28:29','2023-12-04 15:23:00',NULL,NULL,'北京市海淀区清河街道领秀新硅谷A区','','北京市市辖区昌平区建材城西路9号','2023-12-04 15:38:00','黄sir','大力水手1号店(海淀店)','2023-11-05 15:20:00','15501521617',0),(39,299,5,'37993f7b20ec451085eac5afeca0ff87',2,'2023-12-04 14:28:29','2023-12-04 15:23:00',NULL,NULL,'北京市海淀区清河街道领秀新硅谷A区','测试数据','北京市市辖区昌平区建材城西路9号','2023-11-05 17:45:00','黄sir','大力水手1号店(海淀店)','2023-11-05 15:20:00','15501521617',0),(40,299,5,'e1c0bbd6ebd447c9bacf8fd03fd546f2',2,'2023-12-04 14:28:29','2023-12-04 15:23:00',NULL,NULL,'北京市海淀区清河街道领秀新硅谷A区','测试数据','北京市市辖区昌平区建材城西路9号','2023-11-05 17:45:00','黄sir','大力水手1号店(海淀店)','2023-11-05 15:20:00','15501521617',0),(41,299,5,'22f855e647924f6ca7457fc0e2f86470',2,'2023-12-04 14:28:29','2023-12-04 15:23:00',NULL,NULL,'北京市海淀区清河街道领秀新硅谷A区','测试数据','北京市市辖区昌平区建材城西路9号','2023-11-05 17:45:00','黄sir','大力水手1号店(海淀店)','2023-11-05 15:20:00','15501521617',0),(42,299,5,'ca3f732a20b946248985b1982ffd64de',2,'2023-12-04 14:28:29','2023-12-04 15:23:00',NULL,NULL,'北京市海淀区清河街道领秀新硅谷A区','测试数据','北京市市辖区昌平区建材城西路9号','2023-11-05 17:45:00','黄sir','大力水手1号店(海淀店)','2023-11-05 15:20:00','15501521617',0),(43,299,5,'2376be8c20b745d6b7671a2ea333f2a8',2,'2023-12-04 14:28:29','2023-12-04 15:23:00',NULL,NULL,'北京市海淀区清河街道领秀新硅谷A区','测试数据','北京市市辖区昌平区建材城西路9号','2023-11-05 17:45:00','黄sir','大力水手1号店(海淀店)','2023-11-05 15:20:00','15501521617',0),(44,299,5,'4741a5c276c644b4953a070f57ee4901',2,'2023-12-04 14:28:29','2023-12-04 15:23:00',NULL,NULL,'北京市海淀区清河街道领秀新硅谷A区','测试数据','北京市市辖区昌平区建材城西路9号','2023-11-05 17:45:00','黄sir','大力水手1号店(海淀店)','2023-11-05 15:20:00','15501521617',0),(45,299,5,'4ba25f01b5634df8bf153829dad1dc68',2,'2023-12-04 14:28:29','2023-12-04 15:23:00',NULL,NULL,'北京市海淀区清河街道领秀新硅谷A区','测试数据','北京市市辖区昌平区建材城西路9号','2023-11-05 17:45:00','黄sir','大力水手1号店(海淀店)','2023-11-05 15:20:00','15501521617',0),(46,299,5,'7ed7d68fe8da42a3af9327921897a106',2,'2023-12-04 14:28:29','2023-12-04 15:23:00',NULL,NULL,'北京市海淀区清河街道领秀新硅谷A区','测试数据','北京市市辖区昌平区建材城西路9号','2023-11-05 17:45:00','黄sir','大力水手1号店(海淀店)','2023-11-05 15:20:00','15501521617',0),(47,299,5,'f9b8604bdcc540549494deda29286716',2,'2023-12-04 14:28:29','2023-12-04 15:23:00',NULL,NULL,'北京市海淀区清河街道领秀新硅谷A区','测试数据','北京市市辖区昌平区建材城西路9号','2023-11-05 17:45:00','黄sir','大力水手1号店(海淀店)','2023-11-05 15:20:00','15501521617',0),(48,299,5,'14b7fb5015a74e1ba1b19385426e047f',2,'2023-12-04 14:28:29','2023-12-04 15:23:00',NULL,NULL,'北京市海淀区清河街道领秀新硅谷A区','测试数据','北京市市辖区昌平区建材城西路9号','2023-11-05 17:45:00','黄sir','大力水手1号店(海淀店)','2023-11-05 15:20:00','15501521617',0),(49,299,5,'0802636edece46a5b642dcf7bf2e2e55',2,'2023-12-04 14:28:29','2023-12-04 15:23:00',NULL,NULL,'北京市海淀区清河街道领秀新硅谷A区','测试数据','北京市市辖区昌平区建材城西路9号','2023-11-05 17:45:00','黄sir','大力水手1号店(海淀店)','2023-11-05 15:20:00','15501521617',0),(50,299,5,'b7fbd918ef0146609d3f4356d2c47878',2,'2023-12-04 14:28:29','2023-12-04 15:23:00',NULL,NULL,'北京市海淀区清河街道领秀新硅谷A区','测试数据','北京市市辖区昌平区建材城西路9号','2023-11-05 17:45:00','黄sir','大力水手1号店(海淀店)','2023-11-05 15:20:00','15501521617',0),(51,299,5,'212dd38bb2f84d9ba76435d719e493d2',2,'2023-12-04 14:28:29','2023-12-04 15:23:00',NULL,NULL,'北京市海淀区清河街道领秀新硅谷A区','测试数据','北京市市辖区昌平区建材城西路9号','2023-11-05 17:45:00','黄sir','大力水手1号店(海淀店)','2023-11-05 15:20:00','15501521617',0),(52,299,5,'9b54d590f7cb455c96723d89ddbcb7ef',2,'2023-12-04 14:28:29','2023-12-04 15:23:00',NULL,NULL,'北京市海淀区清河街道领秀新硅谷A区','测试数据','北京市市辖区昌平区建材城西路9号','2023-11-05 17:45:00','黄sir','大力水手1号店(海淀店)','2023-11-05 15:20:00','15501521617',0),(53,299,5,'d490f7f9e96e4ff7bd68e68b99cb4246',2,'2023-12-04 14:28:29','2023-12-04 15:23:00',NULL,NULL,'北京市海淀区清河街道领秀新硅谷A区','测试数据','北京市市辖区昌平区建材城西路9号','2023-11-05 17:45:00','黄sir','大力水手1号店(海淀店)','2023-11-05 15:20:00','15501521617',0),(54,299,5,'c5762e0652e044a0a4cd15e0821d2cd5',2,'2023-12-04 14:28:29','2023-12-04 15:23:00',NULL,NULL,'北京市海淀区清河街道领秀新硅谷A区','测试数据','北京市市辖区昌平区建材城西路9号','2023-11-05 17:45:00','黄sir','大力水手1号店(海淀店)','2023-11-05 15:20:00','15501521617',0),(55,299,5,'d9e7b0a4e7eb4ce0a18b51fa85e4f88e',2,'2023-12-04 14:28:29','2023-12-04 15:23:00',NULL,NULL,'北京市海淀区清河街道领秀新硅谷A区','测试数据','北京市市辖区昌平区建材城西路9号','2023-11-05 17:45:00','黄sir','大力水手1号店(海淀店)','2023-11-05 15:20:00','15501521617',0),(56,299,5,'8584811e19c844dbb1e60c7f9bb1cac8',2,'2023-12-04 14:28:29','2023-12-04 15:23:00',NULL,NULL,'北京市海淀区清河街道领秀新硅谷A区','测试数据','北京市市辖区昌平区建材城西路9号','2023-11-05 17:45:00','黄sir','大力水手1号店(海淀店)','2023-11-05 15:20:00','15501521617',0),(57,299,5,'d8e9d5aef044400db68f885ed76732a6',2,'2023-12-04 14:28:29','2023-12-04 15:23:00',NULL,NULL,'北京市海淀区清河街道领秀新硅谷A区','测试数据','北京市市辖区昌平区建材城西路9号','2023-11-05 17:45:00','黄sir','大力水手1号店(海淀店)','2023-11-05 15:20:00','15501521617',0),(58,299,5,'43647ac6af8b40b5a85595100763773a',2,'2023-12-04 14:28:29','2023-12-04 15:23:00',NULL,NULL,'北京市海淀区清河街道领秀新硅谷A区','测试数据','北京市市辖区昌平区建材城西路9号','2023-11-05 17:45:00','黄sir','大力水手1号店(海淀店)','2023-11-05 15:20:00','15501521617',0),(59,299,7,'9d4ac577909444beb061476eed80e149',4,'2023-12-04 14:28:29','2023-12-04 15:23:00',NULL,NULL,'北京市海淀区清河街道领秀新硅谷A区','测试数据','北京市市辖区昌平区建材城西路9号','2023-11-05 17:45:00','黄sir','大力水手1号店(海淀店)','2023-11-05 15:20:00','15501521617',0),(60,299,7,'6d5b1d76d2544f82a663cad384faadfd',4,'2023-12-04 14:28:29','2023-12-04 15:23:00',NULL,NULL,'北京市海淀区清河街道领秀新硅谷A区','测试数据','北京市市辖区昌平区建材城西路9号','2023-11-05 17:45:00','黄sir','大力水手1号店(海淀店)','2023-11-05 15:20:00','15501521617',0),(61,299,7,'bab5d3326b8f48ca80fe8c263e4890ea',4,'2023-12-04 14:28:29','2023-12-04 15:23:00',NULL,NULL,'北京市海淀区清河街道领秀新硅谷A区','测试数据','北京市市辖区昌平区建材城西路9号','2023-11-05 17:45:00','黄sir','大力水手1号店(海淀店)','2023-11-05 15:20:00','15501521617',0),(62,299,7,'e1cbe09fa5a340da92e9d56589f8258e',4,'2023-12-04 14:28:29','2023-12-04 15:23:00',NULL,NULL,'北京市海淀区清河街道领秀新硅谷A区','测试数据','北京市市辖区昌平区建材城西路9号','2023-11-05 17:45:00','黄sir','大力水手1号店(海淀店)','2023-11-05 15:20:00','15501521617',0),(63,299,7,'a799d596395a4ce0958e4729990d1492',4,'2023-12-04 14:28:29','2023-12-04 15:23:00',NULL,NULL,'北京市海淀区清河街道领秀新硅谷A区','测试数据','北京市市辖区昌平区建材城西路9号','2023-11-05 17:45:00','黄sir','大力水手1号店(海淀店)','2023-11-05 15:20:00','15501521617',0),(64,299,7,'00880930f3204676bc20d659213c6668',4,'2023-12-04 14:28:29','2023-12-04 15:33:00',NULL,NULL,'北京市海淀区清河街道领秀新硅谷A区','测试数据','北京市市辖区昌平区建材城西路9号','2023-11-05 17:45:00','黄sir','大力水手1号店(海淀店)','2023-11-05 15:20:00','15501521617',0),(65,299,7,'09cc43e366b949bf9ff1896a9c664d61',4,'2023-12-04 14:28:29','2023-12-04 15:23:00',NULL,NULL,'北京市海淀区清河街道领秀新硅谷A区','测试数据','北京市市辖区昌平区建材城西路9号','2023-11-05 17:45:00','黄sir','大力水手1号店(海淀店)','2023-11-05 15:20:00','15501521617',0),(66,299,7,'5559b1485450453fa89d9f8dab148937',4,'2023-12-04 14:28:29','2023-12-04 15:22:00',NULL,NULL,'北京市海淀区清河街道领秀新硅谷A区','测试数据','北京市市辖区昌平区建材城西路9号','2023-11-05 17:45:00','黄sir','大力水手1号店(海淀店)','2023-11-05 15:20:00','15501521617',0),(67,299,7,'35b45ddbf9e743cd9b8881626c3fdeb0',4,'2023-12-04 14:28:29','2023-12-04 15:23:00',NULL,NULL,'北京市海淀区清河街道领秀新硅谷A区','测试数据','北京市市辖区昌平区建材城西路9号','2023-11-05 17:45:00','黄sir','大力水手1号店(海淀店)','2023-11-05 15:20:00','15501521617',0),(68,299,8,'4dcbfead250c43beaeb93cb6b603c57a',4,'2023-12-04 14:28:29','2023-12-04 15:11:00',NULL,NULL,'北京市海淀区清河街道领秀新硅谷A区','测试数据','北京市市辖区昌平区建材城西路9号','2023-12-04 15:38:00','黄sir','大力水手1号店(海淀店)','2023-11-05 15:20:00','15501521617',0),(69,299,8,'908c6d4242c54af58ea60b7e0daf4ac0',4,'2023-12-04 14:28:29','2023-12-04 15:23:00',NULL,NULL,'北京市海淀区清河街道领秀新硅谷A区','测试数据','北京市市辖区昌平区建材城西路9号','2023-12-04 15:38:00','黄sir','大力水手1号店(海淀店)','2023-11-05 15:20:00','15501521617',0),(70,299,8,'d6a65ea20f4d49bf8613306da79959ee',4,'2023-12-04 14:28:29','2023-12-04 15:55:00',NULL,NULL,'北京市海淀区清河街道领秀新硅谷A区','测试数据','北京市市辖区昌平区建材城西路9号','2023-12-04 15:38:00','黄sir','大力水手1号店(海淀店)','2023-11-05 15:20:00','15501521617',0),(73,299,8,'4b42c592eb4f481b9aa66fc202a23899',4,'2023-12-04 14:28:29','2023-12-04 15:44:00',NULL,NULL,'北京市海淀区清河街道领秀新硅谷A区','测试数据','北京市市辖区昌平区建材城西路9号','2023-12-04 15:38:00','黄sir','大力水手1号店(海淀店)','2023-11-05 15:20:00','15501521617',0),(84,202,8,'79f0da129dc640bca1c5de5e181ef741',5,'2023-12-04 14:28:29',NULL,NULL,NULL,'北京市海淀区清河街道领秀新硅谷A区','','北京市市辖区昌平区建材城西路9号','2023-12-04 15:38:00','黄sir','大力水手1号店(海淀店)','2023-11-05 18:42:45','15501521617',0),(93,840,8,'f1f37da34b224421a606b569f7c85d30',4,'2023-12-04 14:28:29','2023-12-04 15:23:00',NULL,NULL,'北京市海淀区清河街道领秀新硅谷A区','','北京市市辖区昌平区建材城西路9号','2023-12-04 15:38:00','黄sir','大力水手1号店(海淀店)','2023-11-14 19:48:26','15501521617',0),(121,71,5,'363fa7f1f5264691ba3788ff6e9e0a22',1,'2023-12-04 17:12:05','2023-12-04 15:23:00',NULL,NULL,'北京市海淀区清河街道领秀新硅谷A区','','北京市市辖区昌平区建材城西路9号','2023-12-04 16:53:00','黄sir','大力水手1号店(海淀店)','2023-12-04 16:21:51','15501521617',16);

/*Table structure for table `tb_short_url_info` */

DROP TABLE IF EXISTS `tb_short_url_info`;

CREATE TABLE `tb_short_url_info` (
  `id` bigint(20) NOT NULL AUTO_INCREMENT COMMENT '主键',
  `short_url` varchar(255) COLLATE utf8mb4_bin DEFAULT NULL COMMENT '短链码',
  `full_url` varchar(255) COLLATE utf8mb4_bin DEFAULT NULL COMMENT '完成链接',
  `short_code` varchar(255) COLLATE utf8mb4_bin DEFAULT NULL COMMENT '短链码',
  `expire_time` datetime DEFAULT NULL COMMENT '短链过期时间',
  `trade_no` bigint(20) DEFAULT NULL,
  PRIMARY KEY (`id`) USING BTREE
) ENGINE=InnoDB AUTO_INCREMENT=17 DEFAULT CHARSET=utf8mb4 COLLATE=utf8mb4_bin ROW_FORMAT=DYNAMIC;

/*Data for the table `tb_short_url_info` */

insert  into `tb_short_url_info`(`id`,`short_url`,`full_url`,`short_code`,`expire_time`,`trade_no`) values (5,'http://77e882d6.r18.cpolar.top/r/CR9nlZ','http://77e882d6.r18.cpolar.top/rider.html?tradeNo=6&courierId=8&expire=2023-09-26 12:20:00','CR9nlZ','2023-09-26 12:20:00',NULL),(6,'http://77e882d6.r18.cpolar.top/r/VUxMYv','http://77e882d6.r18.cpolar.top/rider.html?tradeNo=7&courierId=8&expire=2023-09-26 12:50:00','VUxMYv','2023-09-26 12:50:00',NULL),(7,'http://77e882d6.r18.cpolar.top/r/MZbZTb','http://77e882d6.r18.cpolar.top/rider.html?tradeNo=8&courierId=8&expire=2023-09-26 12:26:00','MZbZTb','2023-09-26 12:26:00',NULL),(8,'http://77e882d6.r18.cpolar.top/r/gnVppn','http://77e882d6.r18.cpolar.top/rider.html?tradeNo=9&courierId=8&expire=2023-09-26 13:08:00','gnVppn','2023-09-26 13:08:00',NULL),(9,'http://77e882d6.r18.cpolar.top/r/75IHO7','http://77e882d6.r18.cpolar.top/rider.html?tradeNo=31&courierId=8&expire=2023-09-27 11:05:00','75IHO7','2023-09-27 11:05:00',NULL),(10,'http://77e882d6.r18.cpolar.top/r/lFYJj0','http://77e882d6.r18.cpolar.top/rider.html?tradeNo=30&courierId=8&expire=2023-09-26 19:30:00','lFYJj0','2023-09-26 19:30:00',NULL),(11,'http://77e882d6.r18.cpolar.top/r/1RhckG','http://77e882d6.r18.cpolar.top/rider.html?tradeNo=36&courierId=8&expire=2023-09-27T16:09','1RhckG','2023-09-27 16:09:00',NULL),(13,'https://k3663s4033.zicp.fun/r/C36w4S','https://k3663s4033.zicp.fun/rider.html?tradeNo=93&courierId=8&expire=2023-11-23 15:54:47','C36w4S',NULL,NULL),(14,'https://k3663s4033.zicp.fun/r/ZGBaWQ','https://k3663s4033.zicp.fun/rider.html?tradeNo=121&courierId=8&expire=2023-12-04 16:53:00','ZGBaWQ','2023-12-04 16:53:00',NULL),(16,'https://k3663s4033.zicp.fun/r/2ob7uz','https://k3663s4033.zicp.fun/rider.html?tradeNo=121&courierId=8&expire=2023-12-04 16:53:00','2ob7uz','2023-12-04 16:53:00',121);

/*Table structure for table `user` */

DROP TABLE IF EXISTS `user`;

CREATE TABLE `user` (
  `id` bigint(20) NOT NULL AUTO_INCREMENT COMMENT '主键',
  `openid` varchar(45) COLLATE utf8_bin DEFAULT NULL COMMENT '微信用户唯一标识',
  `name` varchar(32) COLLATE utf8_bin DEFAULT NULL COMMENT '姓名',
  `phone` varchar(11) COLLATE utf8_bin DEFAULT NULL COMMENT '手机号',
  `sex` varchar(2) COLLATE utf8_bin DEFAULT NULL COMMENT '性别',
  `id_number` varchar(18) COLLATE utf8_bin DEFAULT NULL COMMENT '身份证号',
  `avatar` varchar(500) COLLATE utf8_bin DEFAULT NULL COMMENT '头像',
  `create_time` datetime DEFAULT NULL,
  PRIMARY KEY (`id`) USING BTREE
) ENGINE=InnoDB AUTO_INCREMENT=40 DEFAULT CHARSET=utf8 COLLATE=utf8_bin ROW_FORMAT=COMPACT COMMENT='用户信息';

/*Data for the table `user` */

insert  into `user`(`id`,`openid`,`name`,`phone`,`sex`,`id_number`,`avatar`,`create_time`) values (2,'osvjO5VXi2ghcPu68RvVdwHWskjA',NULL,NULL,NULL,NULL,NULL,'2023-07-18 17:39:47'),(29,'osvjO5d4S30p9GymABV2lYkjDFZc',NULL,NULL,NULL,NULL,NULL,'2023-09-22 20:30:25'),(30,'osvjO5YZx7Yc2kZcXisjHlfBMD9g',NULL,NULL,NULL,NULL,NULL,'2023-12-03 11:50:46'),(32,'asdfdsfe23424fff','','','','','',NULL),(33,'osvjO5YZx7Yc2kZcXisjHlfBMD9g',NULL,NULL,NULL,NULL,NULL,'2023-11-29 11:15:35'),(34,'osvjO5YZx7Yc2kZcXisjHlfBMD9g',NULL,NULL,NULL,NULL,NULL,'2023-11-30 11:16:01'),(35,'osvjO5YZx7Yc2kZcXisjHlfBMD9g',NULL,NULL,NULL,NULL,NULL,'2023-12-02 11:16:24'),(36,'osvjO5YZx7Yc2kZcXisjHlfBMD9g',NULL,NULL,NULL,NULL,NULL,'2023-12-02 11:16:29'),(37,'osvjO5YZx7Yc2kZcXisjHlfBMD9g',NULL,NULL,NULL,NULL,NULL,'2023-12-03 11:16:34'),(38,'osvjO5YZx7Yc2kZcXisjHlfBMD9g',NULL,NULL,NULL,NULL,NULL,'2023-12-04 11:16:39'),(39,'osvjO5YZx7Yc2kZcXisjHlfBMD9g',NULL,NULL,NULL,NULL,NULL,'2023-12-05 11:16:43');

/*!40101 SET SQL_MODE=@OLD_SQL_MODE */;
/*!40014 SET FOREIGN_KEY_CHECKS=@OLD_FOREIGN_KEY_CHECKS */;
/*!40014 SET UNIQUE_CHECKS=@OLD_UNIQUE_CHECKS */;
/*!40111 SET SQL_NOTES=@OLD_SQL_NOTES */;
